name,desc,latitude,longitude 
0,"RecordNo: 0, RC:0, Lat:42.450582, Long:-83.277485 ",42.450582,-83.277485
1,"RecordNo: 1, RC:0, Lat:42.450582, Long:-83.277485 ",42.450582,-83.277485
2,"RecordNo: 2, RC:32767, Lat:42.450582, Long:-83.277485 ",42.450582,-83.277485
3,"RecordNo: 3, RC:32767, Lat:42.450582, Long:-83.277485 ",42.450582,-83.277485
4,"RecordNo: 4, RC:32767, Lat:42.450582, Long:-83.277485 ",42.450582,-83.277485
5,"RecordNo: 5, RC:32767, Lat:42.450582, Long:-83.277485 ",42.450582,-83.277485
6,"RecordNo: 6, RC:32767, Lat:42.450582, Long:-83.277485 ",42.450582,-83.277485
7,"RecordNo: 7, RC:32767, Lat:42.450582, Long:-83.277485 ",42.450582,-83.277485
8,"RecordNo: 8, RC:32767, Lat:42.450582, Long:-83.277485 ",42.450582,-83.277485
9,"RecordNo: 9, RC:32767, Lat:42.450582, Long:-83.277485 ",42.450582,-83.277485
10,"RecordNo: 10, RC:32767, Lat:42.450582, Long:-83.277485 ",42.450582,-83.277485
11,"RecordNo: 11, RC:32767, Lat:42.450582, Long:-83.277485 ",42.450582,-83.277485
12,"RecordNo: 12, RC:32767, Lat:42.450582, Long:-83.277485 ",42.450582,-83.277485
13,"RecordNo: 13, RC:32767, Lat:42.450582, Long:-83.277485 ",42.450582,-83.277485
14,"RecordNo: 14, RC:32767, Lat:42.450582, Long:-83.277485 ",42.450582,-83.277485
15,"RecordNo: 15, RC:32767, Lat:42.450582, Long:-83.277485 ",42.450582,-83.277485
16,"RecordNo: 16, RC:32767, Lat:42.450582, Long:-83.277484 ",42.450582,-83.277484
17,"RecordNo: 17, RC:32767, Lat:42.450582, Long:-83.277484 ",42.450582,-83.277484
18,"RecordNo: 18, RC:32767, Lat:42.450582, Long:-83.277484 ",42.450582,-83.277484
19,"RecordNo: 19, RC:32767, Lat:42.450582, Long:-83.277484 ",42.450582,-83.277484
20,"RecordNo: 20, RC:32767, Lat:42.450582, Long:-83.277484 ",42.450582,-83.277484
21,"RecordNo: 21, RC:32767, Lat:42.450582, Long:-83.277484 ",42.450582,-83.277484
22,"RecordNo: 22, RC:32767, Lat:42.450582, Long:-83.277484 ",42.450582,-83.277484
23,"RecordNo: 23, RC:32767, Lat:42.450582, Long:-83.277484 ",42.450582,-83.277484
24,"RecordNo: 24, RC:32767, Lat:42.450582, Long:-83.277484 ",42.450582,-83.277484
25,"RecordNo: 25, RC:32767, Lat:42.450582, Long:-83.277484 ",42.450582,-83.277484
26,"RecordNo: 26, RC:32767, Lat:42.450582, Long:-83.277484 ",42.450582,-83.277484
27,"RecordNo: 27, RC:32767, Lat:42.450582, Long:-83.277484 ",42.450582,-83.277484
28,"RecordNo: 28, RC:32767, Lat:42.450582, Long:-83.277483 ",42.450582,-83.277483
29,"RecordNo: 29, RC:1, Lat:42.450582, Long:-83.277483 ",42.450582,-83.277483
30,"RecordNo: 30, RC:1, Lat:42.450582, Long:-83.277483 ",42.450582,-83.277483
31,"RecordNo: 31, RC:1, Lat:42.450582, Long:-83.277482 ",42.450582,-83.277482
32,"RecordNo: 32, RC:2, Lat:42.450582, Long:-83.277482 ",42.450582,-83.277482
33,"RecordNo: 33, RC:2, Lat:42.450582, Long:-83.277482 ",42.450582,-83.277482
34,"RecordNo: 34, RC:2, Lat:42.450582, Long:-83.277482 ",42.450582,-83.277482
35,"RecordNo: 35, RC:2, Lat:42.450582, Long:-83.277481 ",42.450582,-83.277481
36,"RecordNo: 36, RC:2, Lat:42.450582, Long:-83.277481 ",42.450582,-83.277481
37,"RecordNo: 37, RC:2, Lat:42.450582, Long:-83.277481 ",42.450582,-83.277481
38,"RecordNo: 38, RC:2, Lat:42.450582, Long:-83.277481 ",42.450582,-83.277481
39,"RecordNo: 39, RC:2, Lat:42.450582, Long:-83.277479 ",42.450582,-83.277479
40,"RecordNo: 40, RC:3, Lat:42.450582, Long:-83.277479 ",42.450582,-83.277479
41,"RecordNo: 41, RC:3, Lat:42.450582, Long:-83.277479 ",42.450582,-83.277479
42,"RecordNo: 42, RC:3, Lat:42.450582, Long:-83.277479 ",42.450582,-83.277479
43,"RecordNo: 43, RC:3, Lat:42.450582, Long:-83.277478 ",42.450582,-83.277478
44,"RecordNo: 44, RC:4, Lat:42.450582, Long:-83.277478 ",42.450582,-83.277478
45,"RecordNo: 45, RC:4, Lat:42.450582, Long:-83.277478 ",42.450582,-83.277478
46,"RecordNo: 46, RC:4, Lat:42.450582, Long:-83.277478 ",42.450582,-83.277478
47,"RecordNo: 47, RC:4, Lat:42.450582, Long:-83.277476 ",42.450582,-83.277476
48,"RecordNo: 48, RC:4, Lat:42.450582, Long:-83.277476 ",42.450582,-83.277476
49,"RecordNo: 49, RC:4, Lat:42.450582, Long:-83.277476 ",42.450582,-83.277476
50,"RecordNo: 50, RC:4, Lat:42.450582, Long:-83.277476 ",42.450582,-83.277476
51,"RecordNo: 51, RC:4, Lat:42.450582, Long:-83.277473 ",42.450582,-83.277473
52,"RecordNo: 52, RC:5, Lat:42.450582, Long:-83.277473 ",42.450582,-83.277473
53,"RecordNo: 53, RC:5, Lat:42.450582, Long:-83.277473 ",42.450582,-83.277473
54,"RecordNo: 54, RC:5, Lat:42.450582, Long:-83.277471 ",42.450582,-83.277471
55,"RecordNo: 55, RC:5, Lat:42.450582, Long:-83.277471 ",42.450582,-83.277471
56,"RecordNo: 56, RC:5, Lat:42.450582, Long:-83.277471 ",42.450582,-83.277471
57,"RecordNo: 57, RC:5, Lat:42.450582, Long:-83.277471 ",42.450582,-83.277471
58,"RecordNo: 58, RC:5, Lat:42.450582, Long:-83.277468 ",42.450582,-83.277468
59,"RecordNo: 59, RC:7, Lat:42.450582, Long:-83.277468 ",42.450582,-83.277468
60,"RecordNo: 60, RC:7, Lat:42.450582, Long:-83.277468 ",42.450582,-83.277468
61,"RecordNo: 61, RC:7, Lat:42.450582, Long:-83.277468 ",42.450582,-83.277468
62,"RecordNo: 62, RC:7, Lat:42.450582, Long:-83.277466 ",42.450582,-83.277466
63,"RecordNo: 63, RC:7, Lat:42.450582, Long:-83.277466 ",42.450582,-83.277466
64,"RecordNo: 64, RC:7, Lat:42.450582, Long:-83.277466 ",42.450582,-83.277466
65,"RecordNo: 65, RC:7, Lat:42.450582, Long:-83.277466 ",42.450582,-83.277466
66,"RecordNo: 66, RC:7, Lat:42.450581, Long:-83.277461 ",42.450581,-83.277461
67,"RecordNo: 67, RC:9, Lat:42.450581, Long:-83.277461 ",42.450581,-83.277461
68,"RecordNo: 68, RC:9, Lat:42.450581, Long:-83.277461 ",42.450581,-83.277461
69,"RecordNo: 69, RC:9, Lat:42.450581, Long:-83.277461 ",42.450581,-83.277461
70,"RecordNo: 70, RC:9, Lat:42.450581, Long:-83.277456 ",42.450581,-83.277456
71,"RecordNo: 71, RC:10, Lat:42.450581, Long:-83.277456 ",42.450581,-83.277456
72,"RecordNo: 72, RC:10, Lat:42.450581, Long:-83.277456 ",42.450581,-83.277456
73,"RecordNo: 73, RC:10, Lat:42.450581, Long:-83.277456 ",42.450581,-83.277456
74,"RecordNo: 74, RC:10, Lat:42.450581, Long:-83.277452 ",42.450581,-83.277452
75,"RecordNo: 75, RC:11, Lat:42.450581, Long:-83.277452 ",42.450581,-83.277452
76,"RecordNo: 76, RC:11, Lat:42.450581, Long:-83.277452 ",42.450581,-83.277452
77,"RecordNo: 77, RC:11, Lat:42.450581, Long:-83.277447 ",42.450581,-83.277447
78,"RecordNo: 78, RC:12, Lat:42.450581, Long:-83.277447 ",42.450581,-83.277447
79,"RecordNo: 79, RC:12, Lat:42.450581, Long:-83.277447 ",42.450581,-83.277447
80,"RecordNo: 80, RC:12, Lat:42.450581, Long:-83.277447 ",42.450581,-83.277447
81,"RecordNo: 81, RC:12, Lat:42.450581, Long:-83.277442 ",42.450581,-83.277442
82,"RecordNo: 82, RC:14, Lat:42.450581, Long:-83.277442 ",42.450581,-83.277442
83,"RecordNo: 83, RC:14, Lat:42.450581, Long:-83.277442 ",42.450581,-83.277442
84,"RecordNo: 84, RC:14, Lat:42.450581, Long:-83.277442 ",42.450581,-83.277442
85,"RecordNo: 85, RC:14, Lat:42.450581, Long:-83.277433 ",42.450581,-83.277433
86,"RecordNo: 86, RC:15, Lat:42.450581, Long:-83.277433 ",42.450581,-83.277433
87,"RecordNo: 87, RC:15, Lat:42.450581, Long:-83.277433 ",42.450581,-83.277433
88,"RecordNo: 88, RC:15, Lat:42.450581, Long:-83.277433 ",42.450581,-83.277433
89,"RecordNo: 89, RC:15, Lat:42.450581, Long:-83.277423 ",42.450581,-83.277423
90,"RecordNo: 90, RC:18, Lat:42.450581, Long:-83.277423 ",42.450581,-83.277423
91,"RecordNo: 91, RC:18, Lat:42.450581, Long:-83.277423 ",42.450581,-83.277423
92,"RecordNo: 92, RC:18, Lat:42.450581, Long:-83.277423 ",42.450581,-83.277423
93,"RecordNo: 93, RC:18, Lat:42.450580, Long:-83.277412 ",42.45058,-83.277412
94,"RecordNo: 94, RC:20, Lat:42.450580, Long:-83.277412 ",42.45058,-83.277412
95,"RecordNo: 95, RC:20, Lat:42.450580, Long:-83.277412 ",42.45058,-83.277412
96,"RecordNo: 96, RC:20, Lat:42.450580, Long:-83.277412 ",42.45058,-83.277412
97,"RecordNo: 97, RC:20, Lat:42.450580, Long:-83.277399 ",42.45058,-83.277399
98,"RecordNo: 98, RC:20, Lat:42.450580, Long:-83.277399 ",42.45058,-83.277399
99,"RecordNo: 99, RC:20, Lat:42.450580, Long:-83.277399 ",42.45058,-83.277399
100,"RecordNo: 100, RC:20, Lat:42.450580, Long:-83.277387 ",42.45058,-83.277387
101,"RecordNo: 101, RC:21, Lat:42.450580, Long:-83.277387 ",42.45058,-83.277387
102,"RecordNo: 102, RC:21, Lat:42.450580, Long:-83.277387 ",42.45058,-83.277387
103,"RecordNo: 103, RC:21, Lat:42.450580, Long:-83.277387 ",42.45058,-83.277387
104,"RecordNo: 104, RC:21, Lat:42.450579, Long:-83.277373 ",42.450579,-83.277373
105,"RecordNo: 105, RC:23, Lat:42.450579, Long:-83.277373 ",42.450579,-83.277373
106,"RecordNo: 106, RC:23, Lat:42.450579, Long:-83.277373 ",42.450579,-83.277373
107,"RecordNo: 107, RC:23, Lat:42.450579, Long:-83.277373 ",42.450579,-83.277373
108,"RecordNo: 108, RC:23, Lat:42.450578, Long:-83.277364 ",42.450578,-83.277364
109,"RecordNo: 109, RC:23, Lat:42.450578, Long:-83.277364 ",42.450578,-83.277364
110,"RecordNo: 110, RC:23, Lat:42.450578, Long:-83.277364 ",42.450578,-83.277364
111,"RecordNo: 111, RC:23, Lat:42.450578, Long:-83.277364 ",42.450578,-83.277364
112,"RecordNo: 112, RC:23, Lat:42.450578, Long:-83.277349 ",42.450578,-83.277349
113,"RecordNo: 113, RC:24, Lat:42.450578, Long:-83.277349 ",42.450578,-83.277349
114,"RecordNo: 114, RC:24, Lat:42.450578, Long:-83.277349 ",42.450578,-83.277349
115,"RecordNo: 115, RC:24, Lat:42.450578, Long:-83.277349 ",42.450578,-83.277349
116,"RecordNo: 116, RC:24, Lat:42.450577, Long:-83.277334 ",42.450577,-83.277334
117,"RecordNo: 117, RC:24, Lat:42.450577, Long:-83.277334 ",42.450577,-83.277334
118,"RecordNo: 118, RC:24, Lat:42.450577, Long:-83.277334 ",42.450577,-83.277334
119,"RecordNo: 119, RC:24, Lat:42.450577, Long:-83.277334 ",42.450577,-83.277334
120,"RecordNo: 120, RC:24, Lat:42.450576, Long:-83.277319 ",42.450576,-83.277319
121,"RecordNo: 121, RC:25, Lat:42.450576, Long:-83.277319 ",42.450576,-83.277319
122,"RecordNo: 122, RC:25, Lat:42.450576, Long:-83.277319 ",42.450576,-83.277319
123,"RecordNo: 123, RC:25, Lat:42.450575, Long:-83.277309 ",42.450575,-83.277309
124,"RecordNo: 124, RC:26, Lat:42.450575, Long:-83.277309 ",42.450575,-83.277309
125,"RecordNo: 125, RC:26, Lat:42.450575, Long:-83.277309 ",42.450575,-83.277309
126,"RecordNo: 126, RC:26, Lat:42.450575, Long:-83.277309 ",42.450575,-83.277309
127,"RecordNo: 127, RC:26, Lat:42.450574, Long:-83.277292 ",42.450574,-83.277292
128,"RecordNo: 128, RC:27, Lat:42.450574, Long:-83.277292 ",42.450574,-83.277292
129,"RecordNo: 129, RC:27, Lat:42.450574, Long:-83.277292 ",42.450574,-83.277292
130,"RecordNo: 130, RC:27, Lat:42.450574, Long:-83.277292 ",42.450574,-83.277292
131,"RecordNo: 131, RC:27, Lat:42.450573, Long:-83.277270 ",42.450573,-83.27727
132,"RecordNo: 132, RC:28, Lat:42.450573, Long:-83.277270 ",42.450573,-83.27727
133,"RecordNo: 133, RC:28, Lat:42.450573, Long:-83.277270 ",42.450573,-83.27727
134,"RecordNo: 134, RC:28, Lat:42.450573, Long:-83.277270 ",42.450573,-83.27727
135,"RecordNo: 135, RC:28, Lat:42.450572, Long:-83.277253 ",42.450572,-83.277253
136,"RecordNo: 136, RC:29, Lat:42.450572, Long:-83.277253 ",42.450572,-83.277253
137,"RecordNo: 137, RC:29, Lat:42.450572, Long:-83.277253 ",42.450572,-83.277253
138,"RecordNo: 138, RC:29, Lat:42.450572, Long:-83.277253 ",42.450572,-83.277253
139,"RecordNo: 139, RC:29, Lat:42.450572, Long:-83.277235 ",42.450572,-83.277235
140,"RecordNo: 140, RC:29, Lat:42.450572, Long:-83.277235 ",42.450572,-83.277235
141,"RecordNo: 141, RC:29, Lat:42.450572, Long:-83.277235 ",42.450572,-83.277235
142,"RecordNo: 142, RC:29, Lat:42.450572, Long:-83.277235 ",42.450572,-83.277235
143,"RecordNo: 143, RC:29, Lat:42.450570, Long:-83.277211 ",42.45057,-83.277211
144,"RecordNo: 144, RC:30, Lat:42.450570, Long:-83.277211 ",42.45057,-83.277211
145,"RecordNo: 145, RC:30, Lat:42.450570, Long:-83.277211 ",42.45057,-83.277211
146,"RecordNo: 146, RC:32767, Lat:42.450570, Long:-83.277199 ",42.45057,-83.277199
147,"RecordNo: 147, RC:1779, Lat:42.450570, Long:-83.277199 ",42.45057,-83.277199
148,"RecordNo: 148, RC:1779, Lat:42.450570, Long:-83.277199 ",42.45057,-83.277199
149,"RecordNo: 149, RC:1779, Lat:42.450570, Long:-83.277199 ",42.45057,-83.277199
150,"RecordNo: 150, RC:1779, Lat:42.450569, Long:-83.277186 ",42.450569,-83.277186
151,"RecordNo: 151, RC:1977, Lat:42.450569, Long:-83.277186 ",42.450569,-83.277186
152,"RecordNo: 152, RC:1977, Lat:42.450569, Long:-83.277186 ",42.450569,-83.277186
153,"RecordNo: 153, RC:1977, Lat:42.450569, Long:-83.277186 ",42.450569,-83.277186
154,"RecordNo: 154, RC:1977, Lat:42.450568, Long:-83.277161 ",42.450568,-83.277161
155,"RecordNo: 155, RC:3321, Lat:42.450568, Long:-83.277161 ",42.450568,-83.277161
156,"RecordNo: 156, RC:3321, Lat:42.450568, Long:-83.277161 ",42.450568,-83.277161
157,"RecordNo: 157, RC:3321, Lat:42.450568, Long:-83.277161 ",42.450568,-83.277161
158,"RecordNo: 158, RC:3321, Lat:42.450567, Long:-83.277142 ",42.450567,-83.277142
159,"RecordNo: 159, RC:2560, Lat:42.450567, Long:-83.277142 ",42.450567,-83.277142
160,"RecordNo: 160, RC:2560, Lat:42.450567, Long:-83.277142 ",42.450567,-83.277142
161,"RecordNo: 161, RC:2560, Lat:42.450567, Long:-83.277142 ",42.450567,-83.277142
162,"RecordNo: 162, RC:2560, Lat:42.450566, Long:-83.277130 ",42.450566,-83.27713
163,"RecordNo: 163, RC:-9675, Lat:42.450566, Long:-83.277130 ",42.450566,-83.27713
164,"RecordNo: 164, RC:-9675, Lat:42.450566, Long:-83.277130 ",42.450566,-83.27713
165,"RecordNo: 165, RC:-9675, Lat:42.450566, Long:-83.277130 ",42.450566,-83.27713
166,"RecordNo: 166, RC:-9675, Lat:42.450565, Long:-83.277111 ",42.450565,-83.277111
167,"RecordNo: 167, RC:-2989, Lat:42.450565, Long:-83.277111 ",42.450565,-83.277111
168,"RecordNo: 168, RC:-2989, Lat:42.450565, Long:-83.277111 ",42.450565,-83.277111
169,"RecordNo: 169, RC:-2989, Lat:42.450564, Long:-83.277092 ",42.450564,-83.277092
170,"RecordNo: 170, RC:7676, Lat:42.450564, Long:-83.277092 ",42.450564,-83.277092
171,"RecordNo: 171, RC:7676, Lat:42.450564, Long:-83.277092 ",42.450564,-83.277092
172,"RecordNo: 172, RC:7676, Lat:42.450564, Long:-83.277092 ",42.450564,-83.277092
173,"RecordNo: 173, RC:7676, Lat:42.450564, Long:-83.277073 ",42.450564,-83.277073
174,"RecordNo: 174, RC:-6046, Lat:42.450564, Long:-83.277073 ",42.450564,-83.277073
175,"RecordNo: 175, RC:-6046, Lat:42.450564, Long:-83.277073 ",42.450564,-83.277073
176,"RecordNo: 176, RC:-6046, Lat:42.450564, Long:-83.277073 ",42.450564,-83.277073
177,"RecordNo: 177, RC:-6046, Lat:42.450563, Long:-83.277055 ",42.450563,-83.277055
178,"RecordNo: 178, RC:-7339, Lat:42.450563, Long:-83.277055 ",42.450563,-83.277055
179,"RecordNo: 179, RC:-7339, Lat:42.450563, Long:-83.277055 ",42.450563,-83.277055
180,"RecordNo: 180, RC:-7339, Lat:42.450563, Long:-83.277055 ",42.450563,-83.277055
181,"RecordNo: 181, RC:-7339, Lat:42.450562, Long:-83.277030 ",42.450562,-83.27703
182,"RecordNo: 182, RC:-32435, Lat:42.450562, Long:-83.277030 ",42.450562,-83.27703
183,"RecordNo: 183, RC:-32435, Lat:42.450562, Long:-83.277030 ",42.450562,-83.27703
184,"RecordNo: 184, RC:-32435, Lat:42.450562, Long:-83.277030 ",42.450562,-83.27703
185,"RecordNo: 185, RC:-32435, Lat:42.450561, Long:-83.277012 ",42.450561,-83.277012
186,"RecordNo: 186, RC:32767, Lat:42.450561, Long:-83.277012 ",42.450561,-83.277012
187,"RecordNo: 187, RC:32767, Lat:42.450561, Long:-83.277012 ",42.450561,-83.277012
188,"RecordNo: 188, RC:32767, Lat:42.450561, Long:-83.277012 ",42.450561,-83.277012
189,"RecordNo: 189, RC:32767, Lat:42.450561, Long:-83.276993 ",42.450561,-83.276993
190,"RecordNo: 190, RC:-10311, Lat:42.450561, Long:-83.276993 ",42.450561,-83.276993
191,"RecordNo: 191, RC:-10311, Lat:42.450561, Long:-83.276993 ",42.450561,-83.276993
192,"RecordNo: 192, RC:-10311, Lat:42.450560, Long:-83.276969 ",42.45056,-83.276969
193,"RecordNo: 193, RC:-8474, Lat:42.450560, Long:-83.276969 ",42.45056,-83.276969
194,"RecordNo: 194, RC:-8474, Lat:42.450560, Long:-83.276969 ",42.45056,-83.276969
195,"RecordNo: 195, RC:-8474, Lat:42.450560, Long:-83.276969 ",42.45056,-83.276969
196,"RecordNo: 196, RC:-8474, Lat:42.450559, Long:-83.276950 ",42.450559,-83.27695
197,"RecordNo: 197, RC:-32767, Lat:42.450559, Long:-83.276950 ",42.450559,-83.27695
198,"RecordNo: 198, RC:-32767, Lat:42.450559, Long:-83.276950 ",42.450559,-83.27695
199,"RecordNo: 199, RC:-32767, Lat:42.450559, Long:-83.276950 ",42.450559,-83.27695
200,"RecordNo: 200, RC:-32767, Lat:42.450558, Long:-83.276932 ",42.450558,-83.276932
201,"RecordNo: 201, RC:-6383, Lat:42.450558, Long:-83.276932 ",42.450558,-83.276932
202,"RecordNo: 202, RC:-6383, Lat:42.450558, Long:-83.276932 ",42.450558,-83.276932
203,"RecordNo: 203, RC:-6383, Lat:42.450558, Long:-83.276932 ",42.450558,-83.276932
204,"RecordNo: 204, RC:-6383, Lat:42.450558, Long:-83.276913 ",42.450558,-83.276913
205,"RecordNo: 205, RC:-9201, Lat:42.450558, Long:-83.276913 ",42.450558,-83.276913
206,"RecordNo: 206, RC:-9201, Lat:42.450558, Long:-83.276913 ",42.450558,-83.276913
207,"RecordNo: 207, RC:-9201, Lat:42.450558, Long:-83.276913 ",42.450558,-83.276913
208,"RecordNo: 208, RC:-9201, Lat:42.450557, Long:-83.276888 ",42.450557,-83.276888
209,"RecordNo: 209, RC:-9296, Lat:42.450557, Long:-83.276888 ",42.450557,-83.276888
210,"RecordNo: 210, RC:-9296, Lat:42.450557, Long:-83.276888 ",42.450557,-83.276888
211,"RecordNo: 211, RC:-9296, Lat:42.450557, Long:-83.276888 ",42.450557,-83.276888
212,"RecordNo: 212, RC:-9296, Lat:42.450557, Long:-83.276869 ",42.450557,-83.276869
213,"RecordNo: 213, RC:22927, Lat:42.450557, Long:-83.276869 ",42.450557,-83.276869
214,"RecordNo: 214, RC:22927, Lat:42.450557, Long:-83.276869 ",42.450557,-83.276869
215,"RecordNo: 215, RC:22927, Lat:42.450556, Long:-83.276850 ",42.450556,-83.27685
216,"RecordNo: 216, RC:-29937, Lat:42.450556, Long:-83.276850 ",42.450556,-83.27685
217,"RecordNo: 217, RC:-29937, Lat:42.450556, Long:-83.276850 ",42.450556,-83.27685
218,"RecordNo: 218, RC:-29937, Lat:42.450556, Long:-83.276850 ",42.450556,-83.27685
219,"RecordNo: 219, RC:-29937, Lat:42.450556, Long:-83.276831 ",42.450556,-83.276831
220,"RecordNo: 220, RC:-6952, Lat:42.450556, Long:-83.276831 ",42.450556,-83.276831
221,"RecordNo: 221, RC:-6952, Lat:42.450556, Long:-83.276831 ",42.450556,-83.276831
222,"RecordNo: 222, RC:-6952, Lat:42.450556, Long:-83.276831 ",42.450556,-83.276831
223,"RecordNo: 223, RC:-6952, Lat:42.450555, Long:-83.276812 ",42.450555,-83.276812
224,"RecordNo: 224, RC:-13168, Lat:42.450555, Long:-83.276812 ",42.450555,-83.276812
225,"RecordNo: 225, RC:-13168, Lat:42.450555, Long:-83.276812 ",42.450555,-83.276812
226,"RecordNo: 226, RC:-13168, Lat:42.450555, Long:-83.276812 ",42.450555,-83.276812
227,"RecordNo: 227, RC:-13168, Lat:42.450555, Long:-83.276799 ",42.450555,-83.276799
228,"RecordNo: 228, RC:-10534, Lat:42.450555, Long:-83.276799 ",42.450555,-83.276799
229,"RecordNo: 229, RC:-10534, Lat:42.450555, Long:-83.276799 ",42.450555,-83.276799
230,"RecordNo: 230, RC:-10534, Lat:42.450555, Long:-83.276799 ",42.450555,-83.276799
231,"RecordNo: 231, RC:-10534, Lat:42.450554, Long:-83.276780 ",42.450554,-83.27678
232,"RecordNo: 232, RC:23460, Lat:42.450554, Long:-83.276780 ",42.450554,-83.27678
233,"RecordNo: 233, RC:23460, Lat:42.450554, Long:-83.276780 ",42.450554,-83.27678
234,"RecordNo: 234, RC:23460, Lat:42.450554, Long:-83.276780 ",42.450554,-83.27678
235,"RecordNo: 235, RC:23460, Lat:42.450553, Long:-83.276754 ",42.450553,-83.276754
236,"RecordNo: 236, RC:-25740, Lat:42.450553, Long:-83.276754 ",42.450553,-83.276754
237,"RecordNo: 237, RC:-25740, Lat:42.450553, Long:-83.276754 ",42.450553,-83.276754
238,"RecordNo: 238, RC:-25740, Lat:42.450553, Long:-83.276734 ",42.450553,-83.276734
239,"RecordNo: 239, RC:-11096, Lat:42.450553, Long:-83.276734 ",42.450553,-83.276734
240,"RecordNo: 240, RC:-11096, Lat:42.450553, Long:-83.276734 ",42.450553,-83.276734
241,"RecordNo: 241, RC:-11096, Lat:42.450553, Long:-83.276734 ",42.450553,-83.276734
242,"RecordNo: 242, RC:-11096, Lat:42.450552, Long:-83.276721 ",42.450552,-83.276721
243,"RecordNo: 243, RC:-5338, Lat:42.450552, Long:-83.276721 ",42.450552,-83.276721
244,"RecordNo: 244, RC:-5338, Lat:42.450552, Long:-83.276721 ",42.450552,-83.276721
245,"RecordNo: 245, RC:-5338, Lat:42.450552, Long:-83.276721 ",42.450552,-83.276721
246,"RecordNo: 246, RC:-5338, Lat:42.450552, Long:-83.276695 ",42.450552,-83.276695
247,"RecordNo: 247, RC:-3265, Lat:42.450552, Long:-83.276695 ",42.450552,-83.276695
248,"RecordNo: 248, RC:-3265, Lat:42.450552, Long:-83.276695 ",42.450552,-83.276695
249,"RecordNo: 249, RC:-3265, Lat:42.450552, Long:-83.276695 ",42.450552,-83.276695
250,"RecordNo: 250, RC:-3265, Lat:42.450551, Long:-83.276668 ",42.450551,-83.276668
251,"RecordNo: 251, RC:-3997, Lat:42.450551, Long:-83.276668 ",42.450551,-83.276668
252,"RecordNo: 252, RC:32767, Lat:42.450551, Long:-83.276668 ",42.450551,-83.276668
253,"RecordNo: 253, RC:32767, Lat:42.450551, Long:-83.276668 ",42.450551,-83.276668
254,"RecordNo: 254, RC:32767, Lat:42.450550, Long:-83.276655 ",42.45055,-83.276655
255,"RecordNo: 255, RC:2581, Lat:42.450550, Long:-83.276655 ",42.45055,-83.276655
256,"RecordNo: 256, RC:2581, Lat:42.450550, Long:-83.276655 ",42.45055,-83.276655
257,"RecordNo: 257, RC:2581, Lat:42.450550, Long:-83.276655 ",42.45055,-83.276655
258,"RecordNo: 258, RC:2581, Lat:42.450550, Long:-83.276635 ",42.45055,-83.276635
259,"RecordNo: 259, RC:-5071, Lat:42.450550, Long:-83.276635 ",42.45055,-83.276635
260,"RecordNo: 260, RC:-5071, Lat:42.450550, Long:-83.276635 ",42.45055,-83.276635
261,"RecordNo: 261, RC:-5071, Lat:42.450550, Long:-83.276609 ",42.45055,-83.276609
262,"RecordNo: 262, RC:-8445, Lat:42.450550, Long:-83.276609 ",42.45055,-83.276609
263,"RecordNo: 263, RC:-8445, Lat:42.450550, Long:-83.276609 ",42.45055,-83.276609
264,"RecordNo: 264, RC:-8445, Lat:42.450550, Long:-83.276609 ",42.45055,-83.276609
265,"RecordNo: 265, RC:-8445, Lat:42.450549, Long:-83.276596 ",42.450549,-83.276596
266,"RecordNo: 266, RC:-32767, Lat:42.450549, Long:-83.276596 ",42.450549,-83.276596
267,"RecordNo: 267, RC:-32767, Lat:42.450549, Long:-83.276596 ",42.450549,-83.276596
268,"RecordNo: 268, RC:-32767, Lat:42.450549, Long:-83.276596 ",42.450549,-83.276596
269,"RecordNo: 269, RC:-32767, Lat:42.450549, Long:-83.276583 ",42.450549,-83.276583
270,"RecordNo: 270, RC:-32767, Lat:42.450549, Long:-83.276583 ",42.450549,-83.276583
271,"RecordNo: 271, RC:-32767, Lat:42.450549, Long:-83.276583 ",42.450549,-83.276583
272,"RecordNo: 272, RC:-32767, Lat:42.450549, Long:-83.276583 ",42.450549,-83.276583
273,"RecordNo: 273, RC:-32767, Lat:42.450548, Long:-83.276563 ",42.450548,-83.276563
274,"RecordNo: 274, RC:-32767, Lat:42.450548, Long:-83.276563 ",42.450548,-83.276563
275,"RecordNo: 275, RC:-32767, Lat:42.450548, Long:-83.276563 ",42.450548,-83.276563
276,"RecordNo: 276, RC:-32767, Lat:42.450548, Long:-83.276563 ",42.450548,-83.276563
277,"RecordNo: 277, RC:-32767, Lat:42.450547, Long:-83.276537 ",42.450547,-83.276537
278,"RecordNo: 278, RC:7660, Lat:42.450547, Long:-83.276537 ",42.450547,-83.276537
279,"RecordNo: 279, RC:7660, Lat:42.450547, Long:-83.276537 ",42.450547,-83.276537
280,"RecordNo: 280, RC:7660, Lat:42.450547, Long:-83.276537 ",42.450547,-83.276537
281,"RecordNo: 281, RC:7660, Lat:42.450547, Long:-83.276524 ",42.450547,-83.276524
282,"RecordNo: 282, RC:-16214, Lat:42.450547, Long:-83.276524 ",42.450547,-83.276524
283,"RecordNo: 283, RC:-16214, Lat:42.450547, Long:-83.276524 ",42.450547,-83.276524
284,"RecordNo: 284, RC:-16214, Lat:42.450547, Long:-83.276504 ",42.450547,-83.276504
285,"RecordNo: 285, RC:-6491, Lat:42.450547, Long:-83.276504 ",42.450547,-83.276504
286,"RecordNo: 286, RC:-6491, Lat:42.450547, Long:-83.276504 ",42.450547,-83.276504
287,"RecordNo: 287, RC:-6491, Lat:42.450547, Long:-83.276504 ",42.450547,-83.276504
288,"RecordNo: 288, RC:-6491, Lat:42.450546, Long:-83.276485 ",42.450546,-83.276485
289,"RecordNo: 289, RC:-7082, Lat:42.450546, Long:-83.276485 ",42.450546,-83.276485
290,"RecordNo: 290, RC:-7082, Lat:42.450546, Long:-83.276485 ",42.450546,-83.276485
291,"RecordNo: 291, RC:-7082, Lat:42.450546, Long:-83.276485 ",42.450546,-83.276485
292,"RecordNo: 292, RC:-7082, Lat:42.450546, Long:-83.276465 ",42.450546,-83.276465
293,"RecordNo: 293, RC:-3728, Lat:42.450546, Long:-83.276465 ",42.450546,-83.276465
294,"RecordNo: 294, RC:-3728, Lat:42.450546, Long:-83.276465 ",42.450546,-83.276465
295,"RecordNo: 295, RC:-3728, Lat:42.450546, Long:-83.276465 ",42.450546,-83.276465
296,"RecordNo: 296, RC:-3728, Lat:42.450546, Long:-83.276446 ",42.450546,-83.276446
297,"RecordNo: 297, RC:-6851, Lat:42.450546, Long:-83.276446 ",42.450546,-83.276446
298,"RecordNo: 298, RC:-6851, Lat:42.450546, Long:-83.276446 ",42.450546,-83.276446
299,"RecordNo: 299, RC:-6851, Lat:42.450546, Long:-83.276446 ",42.450546,-83.276446
300,"RecordNo: 300, RC:-6851, Lat:42.450545, Long:-83.276426 ",42.450545,-83.276426
301,"RecordNo: 301, RC:-3329, Lat:42.450545, Long:-83.276426 ",42.450545,-83.276426
302,"RecordNo: 302, RC:-3329, Lat:42.450545, Long:-83.276426 ",42.450545,-83.276426
303,"RecordNo: 303, RC:-3329, Lat:42.450545, Long:-83.276426 ",42.450545,-83.276426
304,"RecordNo: 304, RC:-3329, Lat:42.450545, Long:-83.276407 ",42.450545,-83.276407
305,"RecordNo: 305, RC:-4945, Lat:42.450545, Long:-83.276407 ",42.450545,-83.276407
306,"RecordNo: 306, RC:-4945, Lat:42.450545, Long:-83.276407 ",42.450545,-83.276407
307,"RecordNo: 307, RC:-4945, Lat:42.450545, Long:-83.276388 ",42.450545,-83.276388
308,"RecordNo: 308, RC:-15300, Lat:42.450545, Long:-83.276388 ",42.450545,-83.276388
309,"RecordNo: 309, RC:-15300, Lat:42.450545, Long:-83.276388 ",42.450545,-83.276388
310,"RecordNo: 310, RC:-15300, Lat:42.450545, Long:-83.276388 ",42.450545,-83.276388
311,"RecordNo: 311, RC:-15300, Lat:42.450544, Long:-83.276369 ",42.450544,-83.276369
312,"RecordNo: 312, RC:-2980, Lat:42.450544, Long:-83.276369 ",42.450544,-83.276369
313,"RecordNo: 313, RC:-2980, Lat:42.450544, Long:-83.276369 ",42.450544,-83.276369
314,"RecordNo: 314, RC:-2980, Lat:42.450544, Long:-83.276369 ",42.450544,-83.276369
315,"RecordNo: 315, RC:-2980, Lat:42.450544, Long:-83.276344 ",42.450544,-83.276344
316,"RecordNo: 316, RC:-4116, Lat:42.450544, Long:-83.276344 ",42.450544,-83.276344
317,"RecordNo: 317, RC:-4116, Lat:42.450544, Long:-83.276344 ",42.450544,-83.276344
318,"RecordNo: 318, RC:-4116, Lat:42.450544, Long:-83.276344 ",42.450544,-83.276344
319,"RecordNo: 319, RC:-4116, Lat:42.450544, Long:-83.276319 ",42.450544,-83.276319
320,"RecordNo: 320, RC:-7939, Lat:42.450544, Long:-83.276319 ",42.450544,-83.276319
321,"RecordNo: 321, RC:-7939, Lat:42.450544, Long:-83.276319 ",42.450544,-83.276319
322,"RecordNo: 322, RC:-7939, Lat:42.450544, Long:-83.276319 ",42.450544,-83.276319
323,"RecordNo: 323, RC:-7939, Lat:42.450543, Long:-83.276307 ",42.450543,-83.276307
324,"RecordNo: 324, RC:-3596, Lat:42.450543, Long:-83.276307 ",42.450543,-83.276307
325,"RecordNo: 325, RC:-3596, Lat:42.450543, Long:-83.276307 ",42.450543,-83.276307
326,"RecordNo: 326, RC:-3596, Lat:42.450543, Long:-83.276307 ",42.450543,-83.276307
327,"RecordNo: 327, RC:-3596, Lat:42.450543, Long:-83.276282 ",42.450543,-83.276282
328,"RecordNo: 328, RC:24288, Lat:42.450543, Long:-83.276282 ",42.450543,-83.276282
329,"RecordNo: 329, RC:24288, Lat:42.450543, Long:-83.276282 ",42.450543,-83.276282
330,"RecordNo: 330, RC:24288, Lat:42.450543, Long:-83.276263 ",42.450543,-83.276263
331,"RecordNo: 331, RC:-2914, Lat:42.450543, Long:-83.276263 ",42.450543,-83.276263
332,"RecordNo: 332, RC:-2914, Lat:42.450543, Long:-83.276263 ",42.450543,-83.276263
333,"RecordNo: 333, RC:-2914, Lat:42.450543, Long:-83.276263 ",42.450543,-83.276263
334,"RecordNo: 334, RC:-2914, Lat:42.450542, Long:-83.276251 ",42.450542,-83.276251
335,"RecordNo: 335, RC:-4034, Lat:42.450542, Long:-83.276251 ",42.450542,-83.276251
336,"RecordNo: 336, RC:-4034, Lat:42.450542, Long:-83.276251 ",42.450542,-83.276251
337,"RecordNo: 337, RC:-4034, Lat:42.450542, Long:-83.276251 ",42.450542,-83.276251
338,"RecordNo: 338, RC:-4034, Lat:42.450542, Long:-83.276226 ",42.450542,-83.276226
339,"RecordNo: 339, RC:-3448, Lat:42.450542, Long:-83.276226 ",42.450542,-83.276226
340,"RecordNo: 340, RC:-3448, Lat:42.450542, Long:-83.276226 ",42.450542,-83.276226
341,"RecordNo: 341, RC:-3448, Lat:42.450542, Long:-83.276226 ",42.450542,-83.276226
342,"RecordNo: 342, RC:-3448, Lat:42.450542, Long:-83.276207 ",42.450542,-83.276207
343,"RecordNo: 343, RC:-2320, Lat:42.450542, Long:-83.276207 ",42.450542,-83.276207
344,"RecordNo: 344, RC:-2320, Lat:42.450542, Long:-83.276207 ",42.450542,-83.276207
345,"RecordNo: 345, RC:-2320, Lat:42.450542, Long:-83.276207 ",42.450542,-83.276207
346,"RecordNo: 346, RC:-2320, Lat:42.450542, Long:-83.276195 ",42.450542,-83.276195
347,"RecordNo: 347, RC:-4374, Lat:42.450542, Long:-83.276195 ",42.450542,-83.276195
348,"RecordNo: 348, RC:-4374, Lat:42.450542, Long:-83.276195 ",42.450542,-83.276195
349,"RecordNo: 349, RC:-4374, Lat:42.450542, Long:-83.276195 ",42.450542,-83.276195
350,"RecordNo: 350, RC:-4374, Lat:42.450542, Long:-83.276177 ",42.450542,-83.276177
351,"RecordNo: 351, RC:22623, Lat:42.450542, Long:-83.276177 ",42.450542,-83.276177
352,"RecordNo: 352, RC:22623, Lat:42.450542, Long:-83.276177 ",42.450542,-83.276177
353,"RecordNo: 353, RC:22623, Lat:42.450541, Long:-83.276151 ",42.450541,-83.276151
354,"RecordNo: 354, RC:-2572, Lat:42.450541, Long:-83.276151 ",42.450541,-83.276151
355,"RecordNo: 355, RC:-2572, Lat:42.450541, Long:-83.276151 ",42.450541,-83.276151
356,"RecordNo: 356, RC:-2572, Lat:42.450541, Long:-83.276151 ",42.450541,-83.276151
357,"RecordNo: 357, RC:-2572, Lat:42.450541, Long:-83.276139 ",42.450541,-83.276139
358,"RecordNo: 358, RC:5237, Lat:42.450541, Long:-83.276139 ",42.450541,-83.276139
359,"RecordNo: 359, RC:5237, Lat:42.450541, Long:-83.276139 ",42.450541,-83.276139
360,"RecordNo: 360, RC:5237, Lat:42.450541, Long:-83.276139 ",42.450541,-83.276139
361,"RecordNo: 361, RC:5237, Lat:42.450541, Long:-83.276127 ",42.450541,-83.276127
362,"RecordNo: 362, RC:4832, Lat:42.450541, Long:-83.276127 ",42.450541,-83.276127
363,"RecordNo: 363, RC:4832, Lat:42.450541, Long:-83.276127 ",42.450541,-83.276127
364,"RecordNo: 364, RC:4832, Lat:42.450541, Long:-83.276127 ",42.450541,-83.276127
365,"RecordNo: 365, RC:4832, Lat:42.450541, Long:-83.276102 ",42.450541,-83.276102
366,"RecordNo: 366, RC:8993, Lat:42.450541, Long:-83.276102 ",42.450541,-83.276102
367,"RecordNo: 367, RC:8993, Lat:42.450541, Long:-83.276102 ",42.450541,-83.276102
368,"RecordNo: 368, RC:8993, Lat:42.450541, Long:-83.276102 ",42.450541,-83.276102
369,"RecordNo: 369, RC:8993, Lat:42.450541, Long:-83.276084 ",42.450541,-83.276084
370,"RecordNo: 370, RC:6823, Lat:42.450541, Long:-83.276084 ",42.450541,-83.276084
371,"RecordNo: 371, RC:6823, Lat:42.450541, Long:-83.276084 ",42.450541,-83.276084
372,"RecordNo: 372, RC:6823, Lat:42.450541, Long:-83.276084 ",42.450541,-83.276084
373,"RecordNo: 373, RC:6823, Lat:42.450540, Long:-83.276072 ",42.45054,-83.276072
374,"RecordNo: 374, RC:3142, Lat:42.450540, Long:-83.276072 ",42.45054,-83.276072
375,"RecordNo: 375, RC:3142, Lat:42.450540, Long:-83.276072 ",42.45054,-83.276072
376,"RecordNo: 376, RC:3142, Lat:42.450540, Long:-83.276060 ",42.45054,-83.27606
377,"RecordNo: 377, RC:6212, Lat:42.450540, Long:-83.276060 ",42.45054,-83.27606
378,"RecordNo: 378, RC:6212, Lat:42.450540, Long:-83.276060 ",42.45054,-83.27606
379,"RecordNo: 379, RC:6212, Lat:42.450540, Long:-83.276060 ",42.45054,-83.27606
380,"RecordNo: 380, RC:6212, Lat:42.450539, Long:-83.276036 ",42.450539,-83.276036
381,"RecordNo: 381, RC:1435, Lat:42.450539, Long:-83.276036 ",42.450539,-83.276036
382,"RecordNo: 382, RC:1435, Lat:42.450539, Long:-83.276036 ",42.450539,-83.276036
383,"RecordNo: 383, RC:1435, Lat:42.450539, Long:-83.276036 ",42.450539,-83.276036
384,"RecordNo: 384, RC:1435, Lat:42.450539, Long:-83.276019 ",42.450539,-83.276019
385,"RecordNo: 385, RC:7380, Lat:42.450539, Long:-83.276019 ",42.450539,-83.276019
386,"RecordNo: 386, RC:7380, Lat:42.450539, Long:-83.276019 ",42.450539,-83.276019
387,"RecordNo: 387, RC:7380, Lat:42.450539, Long:-83.276019 ",42.450539,-83.276019
388,"RecordNo: 388, RC:7380, Lat:42.450539, Long:-83.276007 ",42.450539,-83.276007
389,"RecordNo: 389, RC:5598, Lat:42.450539, Long:-83.276007 ",42.450539,-83.276007
390,"RecordNo: 390, RC:5598, Lat:42.450539, Long:-83.276007 ",42.450539,-83.276007
391,"RecordNo: 391, RC:5598, Lat:42.450539, Long:-83.276007 ",42.450539,-83.276007
392,"RecordNo: 392, RC:5598, Lat:42.450539, Long:-83.275989 ",42.450539,-83.275989
393,"RecordNo: 393, RC:19767, Lat:42.450539, Long:-83.275989 ",42.450539,-83.275989
394,"RecordNo: 394, RC:19767, Lat:42.450539, Long:-83.275989 ",42.450539,-83.275989
395,"RecordNo: 395, RC:19767, Lat:42.450539, Long:-83.275989 ",42.450539,-83.275989
396,"RecordNo: 396, RC:19767, Lat:42.450538, Long:-83.275966 ",42.450538,-83.275966
397,"RecordNo: 397, RC:3046, Lat:42.450538, Long:-83.275966 ",42.450538,-83.275966
398,"RecordNo: 398, RC:3046, Lat:42.450538, Long:-83.275966 ",42.450538,-83.275966
399,"RecordNo: 399, RC:3046, Lat:42.450538, Long:-83.275966 ",42.450538,-83.275966
400,"RecordNo: 400, RC:3046, Lat:42.450538, Long:-83.275942 ",42.450538,-83.275942
401,"RecordNo: 401, RC:-1821, Lat:42.450538, Long:-83.275942 ",42.450538,-83.275942
402,"RecordNo: 402, RC:-1821, Lat:42.450538, Long:-83.275942 ",42.450538,-83.275942
403,"RecordNo: 403, RC:-1821, Lat:42.450539, Long:-83.275919 ",42.450539,-83.275919
404,"RecordNo: 404, RC:-600, Lat:42.450539, Long:-83.275919 ",42.450539,-83.275919
405,"RecordNo: 405, RC:-600, Lat:42.450539, Long:-83.275919 ",42.450539,-83.275919
406,"RecordNo: 406, RC:-600, Lat:42.450539, Long:-83.275919 ",42.450539,-83.275919
407,"RecordNo: 407, RC:-600, Lat:42.450541, Long:-83.275897 ",42.450541,-83.275897
408,"RecordNo: 408, RC:-297, Lat:42.450541, Long:-83.275897 ",42.450541,-83.275897
409,"RecordNo: 409, RC:-297, Lat:42.450541, Long:-83.275897 ",42.450541,-83.275897
410,"RecordNo: 410, RC:-297, Lat:42.450541, Long:-83.275897 ",42.450541,-83.275897
411,"RecordNo: 411, RC:-297, Lat:42.450543, Long:-83.275880 ",42.450543,-83.27588
412,"RecordNo: 412, RC:-188, Lat:42.450543, Long:-83.275880 ",42.450543,-83.27588
413,"RecordNo: 413, RC:-188, Lat:42.450543, Long:-83.275880 ",42.450543,-83.27588
414,"RecordNo: 414, RC:-188, Lat:42.450543, Long:-83.275880 ",42.450543,-83.27588
415,"RecordNo: 415, RC:-188, Lat:42.450548, Long:-83.275859 ",42.450548,-83.275859
416,"RecordNo: 416, RC:-399, Lat:42.450548, Long:-83.275859 ",42.450548,-83.275859
417,"RecordNo: 417, RC:-399, Lat:42.450548, Long:-83.275859 ",42.450548,-83.275859
418,"RecordNo: 418, RC:-399, Lat:42.450548, Long:-83.275859 ",42.450548,-83.275859
419,"RecordNo: 419, RC:-399, Lat:42.450554, Long:-83.275840 ",42.450554,-83.27584
420,"RecordNo: 420, RC:-174, Lat:42.450554, Long:-83.275840 ",42.450554,-83.27584
421,"RecordNo: 421, RC:-174, Lat:42.450554, Long:-83.275840 ",42.450554,-83.27584
422,"RecordNo: 422, RC:-174, Lat:42.450554, Long:-83.275840 ",42.450554,-83.27584
423,"RecordNo: 423, RC:-174, Lat:42.450561, Long:-83.275827 ",42.450561,-83.275827
424,"RecordNo: 424, RC:-103, Lat:42.450561, Long:-83.275827 ",42.450561,-83.275827
425,"RecordNo: 425, RC:-103, Lat:42.450561, Long:-83.275827 ",42.450561,-83.275827
426,"RecordNo: 426, RC:-103, Lat:42.450568, Long:-83.275816 ",42.450568,-83.275816
427,"RecordNo: 427, RC:-73, Lat:42.450568, Long:-83.275816 ",42.450568,-83.275816
428,"RecordNo: 428, RC:-73, Lat:42.450568, Long:-83.275816 ",42.450568,-83.275816
429,"RecordNo: 429, RC:-73, Lat:42.450568, Long:-83.275816 ",42.450568,-83.275816
430,"RecordNo: 430, RC:-73, Lat:42.450580, Long:-83.275805 ",42.45058,-83.275805
431,"RecordNo: 431, RC:-161, Lat:42.450580, Long:-83.275805 ",42.45058,-83.275805
432,"RecordNo: 432, RC:-161, Lat:42.450580, Long:-83.275805 ",42.45058,-83.275805
433,"RecordNo: 433, RC:-161, Lat:42.450580, Long:-83.275805 ",42.45058,-83.275805
434,"RecordNo: 434, RC:-161, Lat:42.450589, Long:-83.275799 ",42.450589,-83.275799
435,"RecordNo: 435, RC:-107, Lat:42.450589, Long:-83.275799 ",42.450589,-83.275799
436,"RecordNo: 436, RC:-107, Lat:42.450589, Long:-83.275799 ",42.450589,-83.275799
437,"RecordNo: 437, RC:-107, Lat:42.450589, Long:-83.275799 ",42.450589,-83.275799
438,"RecordNo: 438, RC:-107, Lat:42.450600, Long:-83.275794 ",42.4506,-83.275794
439,"RecordNo: 439, RC:-77, Lat:42.450600, Long:-83.275794 ",42.4506,-83.275794
440,"RecordNo: 440, RC:-77, Lat:42.450600, Long:-83.275794 ",42.4506,-83.275794
441,"RecordNo: 441, RC:-77, Lat:42.450600, Long:-83.275794 ",42.4506,-83.275794
442,"RecordNo: 442, RC:-77, Lat:42.450610, Long:-83.275791 ",42.45061,-83.275791
443,"RecordNo: 443, RC:-64, Lat:42.450610, Long:-83.275791 ",42.45061,-83.275791
444,"RecordNo: 444, RC:-64, Lat:42.450610, Long:-83.275791 ",42.45061,-83.275791
445,"RecordNo: 445, RC:-64, Lat:42.450610, Long:-83.275791 ",42.45061,-83.275791
446,"RecordNo: 446, RC:-64, Lat:42.450621, Long:-83.275790 ",42.450621,-83.27579
447,"RecordNo: 447, RC:-58, Lat:42.450621, Long:-83.275790 ",42.450621,-83.27579
448,"RecordNo: 448, RC:-58, Lat:42.450621, Long:-83.275790 ",42.450621,-83.27579
449,"RecordNo: 449, RC:-58, Lat:42.450632, Long:-83.275789 ",42.450632,-83.275789
450,"RecordNo: 450, RC:-56, Lat:42.450632, Long:-83.275789 ",42.450632,-83.275789
451,"RecordNo: 451, RC:-56, Lat:42.450632, Long:-83.275789 ",42.450632,-83.275789
452,"RecordNo: 452, RC:-56, Lat:42.450632, Long:-83.275789 ",42.450632,-83.275789
453,"RecordNo: 453, RC:-56, Lat:42.450639, Long:-83.275789 ",42.450639,-83.275789
454,"RecordNo: 454, RC:-53, Lat:42.450639, Long:-83.275789 ",42.450639,-83.275789
455,"RecordNo: 455, RC:-53, Lat:42.450639, Long:-83.275789 ",42.450639,-83.275789
456,"RecordNo: 456, RC:-53, Lat:42.450639, Long:-83.275789 ",42.450639,-83.275789
457,"RecordNo: 457, RC:-53, Lat:42.450646, Long:-83.275789 ",42.450646,-83.275789
458,"RecordNo: 458, RC:-5587, Lat:42.450646, Long:-83.275789 ",42.450646,-83.275789
459,"RecordNo: 459, RC:-5587, Lat:42.450646, Long:-83.275789 ",42.450646,-83.275789
460,"RecordNo: 460, RC:-5587, Lat:42.450646, Long:-83.275789 ",42.450646,-83.275789
461,"RecordNo: 461, RC:-5587, Lat:42.450652, Long:-83.275788 ",42.450652,-83.275788
462,"RecordNo: 462, RC:-13383, Lat:42.450652, Long:-83.275788 ",42.450652,-83.275788
463,"RecordNo: 463, RC:-13383, Lat:42.450652, Long:-83.275788 ",42.450652,-83.275788
464,"RecordNo: 464, RC:-13383, Lat:42.450652, Long:-83.275788 ",42.450652,-83.275788
465,"RecordNo: 465, RC:-13383, Lat:42.450663, Long:-83.275788 ",42.450663,-83.275788
466,"RecordNo: 466, RC:-1720, Lat:42.450663, Long:-83.275788 ",42.450663,-83.275788
467,"RecordNo: 467, RC:-1720, Lat:42.450663, Long:-83.275788 ",42.450663,-83.275788
468,"RecordNo: 468, RC:-1720, Lat:42.450663, Long:-83.275788 ",42.450663,-83.275788
469,"RecordNo: 469, RC:-1720, Lat:42.450669, Long:-83.275789 ",42.450669,-83.275789
470,"RecordNo: 470, RC:6, Lat:42.450669, Long:-83.275789 ",42.450669,-83.275789
471,"RecordNo: 471, RC:6, Lat:42.450669, Long:-83.275789 ",42.450669,-83.275789
472,"RecordNo: 472, RC:6, Lat:42.450679, Long:-83.275789 ",42.450679,-83.275789
473,"RecordNo: 473, RC:-2436, Lat:42.450679, Long:-83.275789 ",42.450679,-83.275789
474,"RecordNo: 474, RC:-2436, Lat:42.450679, Long:-83.275789 ",42.450679,-83.275789
475,"RecordNo: 475, RC:-2436, Lat:42.450679, Long:-83.275789 ",42.450679,-83.275789
476,"RecordNo: 476, RC:-2436, Lat:42.450685, Long:-83.275789 ",42.450685,-83.275789
477,"RecordNo: 477, RC:-1570, Lat:42.450685, Long:-83.275789 ",42.450685,-83.275789
478,"RecordNo: 478, RC:-1570, Lat:42.450685, Long:-83.275789 ",42.450685,-83.275789
479,"RecordNo: 479, RC:-1570, Lat:42.450685, Long:-83.275789 ",42.450685,-83.275789
480,"RecordNo: 480, RC:-1570, Lat:42.450695, Long:-83.275789 ",42.450695,-83.275789
481,"RecordNo: 481, RC:-1230, Lat:42.450695, Long:-83.275789 ",42.450695,-83.275789
482,"RecordNo: 482, RC:-1230, Lat:42.450695, Long:-83.275789 ",42.450695,-83.275789
483,"RecordNo: 483, RC:-1230, Lat:42.450695, Long:-83.275789 ",42.450695,-83.275789
484,"RecordNo: 484, RC:-1230, Lat:42.450701, Long:-83.275789 ",42.450701,-83.275789
485,"RecordNo: 485, RC:-1026, Lat:42.450701, Long:-83.275789 ",42.450701,-83.275789
486,"RecordNo: 486, RC:-1026, Lat:42.450701, Long:-83.275789 ",42.450701,-83.275789
487,"RecordNo: 487, RC:-1026, Lat:42.450701, Long:-83.275789 ",42.450701,-83.275789
488,"RecordNo: 488, RC:-1026, Lat:42.450710, Long:-83.275789 ",42.45071,-83.275789
489,"RecordNo: 489, RC:5, Lat:42.450710, Long:-83.275789 ",42.45071,-83.275789
490,"RecordNo: 490, RC:5, Lat:42.450710, Long:-83.275789 ",42.45071,-83.275789
491,"RecordNo: 491, RC:5, Lat:42.450710, Long:-83.275789 ",42.45071,-83.275789
492,"RecordNo: 492, RC:5, Lat:42.450716, Long:-83.275789 ",42.450716,-83.275789
493,"RecordNo: 493, RC:-4425, Lat:42.450716, Long:-83.275789 ",42.450716,-83.275789
494,"RecordNo: 494, RC:-4425, Lat:42.450716, Long:-83.275789 ",42.450716,-83.275789
495,"RecordNo: 495, RC:-4425, Lat:42.450725, Long:-83.275789 ",42.450725,-83.275789
496,"RecordNo: 496, RC:-2531, Lat:42.450725, Long:-83.275789 ",42.450725,-83.275789
497,"RecordNo: 497, RC:-2531, Lat:42.450725, Long:-83.275789 ",42.450725,-83.275789
498,"RecordNo: 498, RC:-2531, Lat:42.450725, Long:-83.275789 ",42.450725,-83.275789
499,"RecordNo: 499, RC:-2531, Lat:42.450730, Long:-83.275789 ",42.45073,-83.275789
500,"RecordNo: 500, RC:-1519, Lat:42.450730, Long:-83.275789 ",42.45073,-83.275789
501,"RecordNo: 501, RC:-1519, Lat:42.450730, Long:-83.275789 ",42.45073,-83.275789
502,"RecordNo: 502, RC:-1519, Lat:42.450730, Long:-83.275789 ",42.45073,-83.275789
503,"RecordNo: 503, RC:-1519, Lat:42.450738, Long:-83.275788 ",42.450738,-83.275788
504,"RecordNo: 504, RC:-3377, Lat:42.450738, Long:-83.275788 ",42.450738,-83.275788
505,"RecordNo: 505, RC:-3377, Lat:42.450738, Long:-83.275788 ",42.450738,-83.275788
506,"RecordNo: 506, RC:-3377, Lat:42.450738, Long:-83.275788 ",42.450738,-83.275788
507,"RecordNo: 507, RC:-3377, Lat:42.450744, Long:-83.275789 ",42.450744,-83.275789
508,"RecordNo: 508, RC:-1034, Lat:42.450744, Long:-83.275789 ",42.450744,-83.275789
509,"RecordNo: 509, RC:-1034, Lat:42.450744, Long:-83.275789 ",42.450744,-83.275789
510,"RecordNo: 510, RC:-1034, Lat:42.450744, Long:-83.275789 ",42.450744,-83.275789
511,"RecordNo: 511, RC:-1034, Lat:42.450752, Long:-83.275788 ",42.450752,-83.275788
512,"RecordNo: 512, RC:-1134, Lat:42.450752, Long:-83.275788 ",42.450752,-83.275788
513,"RecordNo: 513, RC:-1134, Lat:42.450752, Long:-83.275788 ",42.450752,-83.275788
514,"RecordNo: 514, RC:-1134, Lat:42.450752, Long:-83.275788 ",42.450752,-83.275788
515,"RecordNo: 515, RC:-1134, Lat:42.450757, Long:-83.275788 ",42.450757,-83.275788
516,"RecordNo: 516, RC:1062, Lat:42.450757, Long:-83.275788 ",42.450757,-83.275788
517,"RecordNo: 517, RC:1062, Lat:42.450757, Long:-83.275788 ",42.450757,-83.275788
518,"RecordNo: 518, RC:1062, Lat:42.450757, Long:-83.275788 ",42.450757,-83.275788
519,"RecordNo: 519, RC:1062, Lat:42.450765, Long:-83.275788 ",42.450765,-83.275788
520,"RecordNo: 520, RC:-4632, Lat:42.450765, Long:-83.275788 ",42.450765,-83.275788
521,"RecordNo: 521, RC:-4632, Lat:42.450765, Long:-83.275788 ",42.450765,-83.275788
522,"RecordNo: 522, RC:-4632, Lat:42.450773, Long:-83.275787 ",42.450773,-83.275787
523,"RecordNo: 523, RC:32767, Lat:42.450773, Long:-83.275787 ",42.450773,-83.275787
524,"RecordNo: 524, RC:32767, Lat:42.450773, Long:-83.275787 ",42.450773,-83.275787
525,"RecordNo: 525, RC:32767, Lat:42.450773, Long:-83.275787 ",42.450773,-83.275787
526,"RecordNo: 526, RC:32767, Lat:42.450782, Long:-83.275786 ",42.450782,-83.275786
527,"RecordNo: 527, RC:1206, Lat:42.450782, Long:-83.275786 ",42.450782,-83.275786
528,"RecordNo: 528, RC:1206, Lat:42.450782, Long:-83.275786 ",42.450782,-83.275786
529,"RecordNo: 529, RC:1206, Lat:42.450782, Long:-83.275786 ",42.450782,-83.275786
530,"RecordNo: 530, RC:1206, Lat:42.450794, Long:-83.275786 ",42.450794,-83.275786
531,"RecordNo: 531, RC:2390, Lat:42.450794, Long:-83.275786 ",42.450794,-83.275786
532,"RecordNo: 532, RC:2390, Lat:42.450794, Long:-83.275786 ",42.450794,-83.275786
533,"RecordNo: 533, RC:2390, Lat:42.450794, Long:-83.275786 ",42.450794,-83.275786
534,"RecordNo: 534, RC:2390, Lat:42.450805, Long:-83.275785 ",42.450805,-83.275785
535,"RecordNo: 535, RC:-4903, Lat:42.450805, Long:-83.275785 ",42.450805,-83.275785
536,"RecordNo: 536, RC:-4903, Lat:42.450805, Long:-83.275785 ",42.450805,-83.275785
537,"RecordNo: 537, RC:-4903, Lat:42.450805, Long:-83.275785 ",42.450805,-83.275785
538,"RecordNo: 538, RC:-4903, Lat:42.450814, Long:-83.275785 ",42.450814,-83.275785
539,"RecordNo: 539, RC:2343, Lat:42.450814, Long:-83.275785 ",42.450814,-83.275785
540,"RecordNo: 540, RC:2343, Lat:42.450814, Long:-83.275785 ",42.450814,-83.275785
541,"RecordNo: 541, RC:2343, Lat:42.450814, Long:-83.275785 ",42.450814,-83.275785
542,"RecordNo: 542, RC:2343, Lat:42.450826, Long:-83.275784 ",42.450826,-83.275784
543,"RecordNo: 543, RC:3740, Lat:42.450826, Long:-83.275784 ",42.450826,-83.275784
544,"RecordNo: 544, RC:3740, Lat:42.450826, Long:-83.275784 ",42.450826,-83.275784
545,"RecordNo: 545, RC:3740, Lat:42.450838, Long:-83.275783 ",42.450838,-83.275783
546,"RecordNo: 546, RC:1410, Lat:42.450838, Long:-83.275783 ",42.450838,-83.275783
547,"RecordNo: 547, RC:1410, Lat:42.450838, Long:-83.275783 ",42.450838,-83.275783
548,"RecordNo: 548, RC:1410, Lat:42.450838, Long:-83.275783 ",42.450838,-83.275783
549,"RecordNo: 549, RC:1410, Lat:42.450851, Long:-83.275782 ",42.450851,-83.275782
550,"RecordNo: 550, RC:5549, Lat:42.450851, Long:-83.275782 ",42.450851,-83.275782
551,"RecordNo: 551, RC:5549, Lat:42.450851, Long:-83.275782 ",42.450851,-83.275782
552,"RecordNo: 552, RC:5549, Lat:42.450851, Long:-83.275782 ",42.450851,-83.275782
553,"RecordNo: 553, RC:5549, Lat:42.450860, Long:-83.275781 ",42.45086,-83.275781
554,"RecordNo: 554, RC:26921, Lat:42.450860, Long:-83.275781 ",42.45086,-83.275781
555,"RecordNo: 555, RC:26921, Lat:42.450860, Long:-83.275781 ",42.45086,-83.275781
556,"RecordNo: 556, RC:26921, Lat:42.450860, Long:-83.275781 ",42.45086,-83.275781
557,"RecordNo: 557, RC:26921, Lat:42.450874, Long:-83.275781 ",42.450874,-83.275781
558,"RecordNo: 558, RC:-2835, Lat:42.450874, Long:-83.275781 ",42.450874,-83.275781
559,"RecordNo: 559, RC:-2835, Lat:42.450874, Long:-83.275781 ",42.450874,-83.275781
560,"RecordNo: 560, RC:-2835, Lat:42.450874, Long:-83.275781 ",42.450874,-83.275781
561,"RecordNo: 561, RC:-2835, Lat:42.450887, Long:-83.275780 ",42.450887,-83.27578
562,"RecordNo: 562, RC:-24401, Lat:42.450887, Long:-83.275780 ",42.450887,-83.27578
563,"RecordNo: 563, RC:-24401, Lat:42.450887, Long:-83.275780 ",42.450887,-83.27578
564,"RecordNo: 564, RC:32767, Lat:42.450887, Long:-83.275780 ",42.450887,-83.27578
565,"RecordNo: 565, RC:32767, Lat:42.450902, Long:-83.275779 ",42.450902,-83.275779
566,"RecordNo: 566, RC:9986, Lat:42.450902, Long:-83.275779 ",42.450902,-83.275779
567,"RecordNo: 567, RC:9986, Lat:42.450902, Long:-83.275779 ",42.450902,-83.275779
568,"RecordNo: 568, RC:9986, Lat:42.450913, Long:-83.275779 ",42.450913,-83.275779
569,"RecordNo: 569, RC:-8929, Lat:42.450913, Long:-83.275779 ",42.450913,-83.275779
570,"RecordNo: 570, RC:-8929, Lat:42.450913, Long:-83.275779 ",42.450913,-83.275779
571,"RecordNo: 571, RC:-8929, Lat:42.450913, Long:-83.275779 ",42.450913,-83.275779
572,"RecordNo: 572, RC:-8929, Lat:42.450928, Long:-83.275779 ",42.450928,-83.275779
573,"RecordNo: 573, RC:-25084, Lat:42.450928, Long:-83.275779 ",42.450928,-83.275779
574,"RecordNo: 574, RC:-25084, Lat:42.450928, Long:-83.275779 ",42.450928,-83.275779
575,"RecordNo: 575, RC:-25084, Lat:42.450928, Long:-83.275779 ",42.450928,-83.275779
576,"RecordNo: 576, RC:-25084, Lat:42.450940, Long:-83.275778 ",42.45094,-83.275778
577,"RecordNo: 577, RC:-2167, Lat:42.450940, Long:-83.275778 ",42.45094,-83.275778
578,"RecordNo: 578, RC:-2167, Lat:42.450940, Long:-83.275778 ",42.45094,-83.275778
579,"RecordNo: 579, RC:-2167, Lat:42.450940, Long:-83.275778 ",42.45094,-83.275778
580,"RecordNo: 580, RC:-2167, Lat:42.450955, Long:-83.275778 ",42.450955,-83.275778
581,"RecordNo: 581, RC:-2003, Lat:42.450955, Long:-83.275778 ",42.450955,-83.275778
582,"RecordNo: 582, RC:-2003, Lat:42.450955, Long:-83.275778 ",42.450955,-83.275778
583,"RecordNo: 583, RC:-2003, Lat:42.450955, Long:-83.275778 ",42.450955,-83.275778
584,"RecordNo: 584, RC:-2003, Lat:42.450967, Long:-83.275777 ",42.450967,-83.275777
585,"RecordNo: 585, RC:-4683, Lat:42.450967, Long:-83.275777 ",42.450967,-83.275777
586,"RecordNo: 586, RC:-4683, Lat:42.450967, Long:-83.275777 ",42.450967,-83.275777
587,"RecordNo: 587, RC:-4683, Lat:42.450967, Long:-83.275777 ",42.450967,-83.275777
588,"RecordNo: 588, RC:-4683, Lat:42.450984, Long:-83.275777 ",42.450984,-83.275777
589,"RecordNo: 589, RC:-5721, Lat:42.450984, Long:-83.275777 ",42.450984,-83.275777
590,"RecordNo: 590, RC:-5721, Lat:42.450984, Long:-83.275777 ",42.450984,-83.275777
591,"RecordNo: 591, RC:-5721, Lat:42.451000, Long:-83.275776 ",42.451,-83.275776
592,"RecordNo: 592, RC:7, Lat:42.451000, Long:-83.275776 ",42.451,-83.275776
593,"RecordNo: 593, RC:7, Lat:42.451000, Long:-83.275776 ",42.451,-83.275776
594,"RecordNo: 594, RC:7, Lat:42.451000, Long:-83.275776 ",42.451,-83.275776
595,"RecordNo: 595, RC:7, Lat:42.451016, Long:-83.275776 ",42.451016,-83.275776
596,"RecordNo: 596, RC:7, Lat:42.451016, Long:-83.275776 ",42.451016,-83.275776
597,"RecordNo: 597, RC:7, Lat:42.451016, Long:-83.275776 ",42.451016,-83.275776
598,"RecordNo: 598, RC:7, Lat:42.451016, Long:-83.275776 ",42.451016,-83.275776
599,"RecordNo: 599, RC:7, Lat:42.451028, Long:-83.275777 ",42.451028,-83.275777
600,"RecordNo: 600, RC:7, Lat:42.451028, Long:-83.275777 ",42.451028,-83.275777
601,"RecordNo: 601, RC:7, Lat:42.451028, Long:-83.275777 ",42.451028,-83.275777
602,"RecordNo: 602, RC:7, Lat:42.451028, Long:-83.275777 ",42.451028,-83.275777
603,"RecordNo: 603, RC:7, Lat:42.451039, Long:-83.275777 ",42.451039,-83.275777
604,"RecordNo: 604, RC:7, Lat:42.451039, Long:-83.275777 ",42.451039,-83.275777
605,"RecordNo: 605, RC:7, Lat:42.451039, Long:-83.275777 ",42.451039,-83.275777
606,"RecordNo: 606, RC:7, Lat:42.451039, Long:-83.275777 ",42.451039,-83.275777
607,"RecordNo: 607, RC:7, Lat:42.451051, Long:-83.275777 ",42.451051,-83.275777
608,"RecordNo: 608, RC:6, Lat:42.451051, Long:-83.275777 ",42.451051,-83.275777
609,"RecordNo: 609, RC:6, Lat:42.451051, Long:-83.275777 ",42.451051,-83.275777
610,"RecordNo: 610, RC:6, Lat:42.451051, Long:-83.275777 ",42.451051,-83.275777
611,"RecordNo: 611, RC:6, Lat:42.451062, Long:-83.275776 ",42.451062,-83.275776
612,"RecordNo: 612, RC:-3179, Lat:42.451062, Long:-83.275776 ",42.451062,-83.275776
613,"RecordNo: 613, RC:-3179, Lat:42.451062, Long:-83.275776 ",42.451062,-83.275776
614,"RecordNo: 614, RC:-3179, Lat:42.451073, Long:-83.275775 ",42.451073,-83.275775
615,"RecordNo: 615, RC:6, Lat:42.451073, Long:-83.275775 ",42.451073,-83.275775
616,"RecordNo: 616, RC:6, Lat:42.451073, Long:-83.275775 ",42.451073,-83.275775
617,"RecordNo: 617, RC:6, Lat:42.451073, Long:-83.275775 ",42.451073,-83.275775
618,"RecordNo: 618, RC:6, Lat:42.451089, Long:-83.275776 ",42.451089,-83.275776
619,"RecordNo: 619, RC:-1450, Lat:42.451089, Long:-83.275776 ",42.451089,-83.275776
620,"RecordNo: 620, RC:-1450, Lat:42.451089, Long:-83.275776 ",42.451089,-83.275776
621,"RecordNo: 621, RC:-1450, Lat:42.451089, Long:-83.275776 ",42.451089,-83.275776
622,"RecordNo: 622, RC:-1450, Lat:42.451104, Long:-83.275776 ",42.451104,-83.275776
623,"RecordNo: 623, RC:6, Lat:42.451104, Long:-83.275776 ",42.451104,-83.275776
624,"RecordNo: 624, RC:6, Lat:42.451104, Long:-83.275776 ",42.451104,-83.275776
625,"RecordNo: 625, RC:6, Lat:42.451104, Long:-83.275776 ",42.451104,-83.275776
626,"RecordNo: 626, RC:6, Lat:42.451118, Long:-83.275777 ",42.451118,-83.275777
627,"RecordNo: 627, RC:6, Lat:42.451118, Long:-83.275777 ",42.451118,-83.275777
628,"RecordNo: 628, RC:6, Lat:42.451118, Long:-83.275777 ",42.451118,-83.275777
629,"RecordNo: 629, RC:6, Lat:42.451118, Long:-83.275777 ",42.451118,-83.275777
630,"RecordNo: 630, RC:6, Lat:42.451132, Long:-83.275776 ",42.451132,-83.275776
631,"RecordNo: 631, RC:-1336, Lat:42.451132, Long:-83.275776 ",42.451132,-83.275776
632,"RecordNo: 632, RC:-1336, Lat:42.451132, Long:-83.275776 ",42.451132,-83.275776
633,"RecordNo: 633, RC:-1336, Lat:42.451132, Long:-83.275776 ",42.451132,-83.275776
634,"RecordNo: 634, RC:-1336, Lat:42.451143, Long:-83.275777 ",42.451143,-83.275777
635,"RecordNo: 635, RC:6, Lat:42.451143, Long:-83.275777 ",42.451143,-83.275777
636,"RecordNo: 636, RC:6, Lat:42.451143, Long:-83.275777 ",42.451143,-83.275777
637,"RecordNo: 637, RC:6, Lat:42.451157, Long:-83.275777 ",42.451157,-83.275777
638,"RecordNo: 638, RC:-1136, Lat:42.451157, Long:-83.275777 ",42.451157,-83.275777
639,"RecordNo: 639, RC:-1136, Lat:42.451157, Long:-83.275777 ",42.451157,-83.275777
640,"RecordNo: 640, RC:-1136, Lat:42.451157, Long:-83.275777 ",42.451157,-83.275777
641,"RecordNo: 641, RC:-1136, Lat:42.451172, Long:-83.275776 ",42.451172,-83.275776
642,"RecordNo: 642, RC:-1441, Lat:42.451172, Long:-83.275776 ",42.451172,-83.275776
643,"RecordNo: 643, RC:-1441, Lat:42.451172, Long:-83.275776 ",42.451172,-83.275776
644,"RecordNo: 644, RC:-1441, Lat:42.451172, Long:-83.275776 ",42.451172,-83.275776
645,"RecordNo: 645, RC:-1441, Lat:42.451184, Long:-83.275775 ",42.451184,-83.275775
646,"RecordNo: 646, RC:-2039, Lat:42.451184, Long:-83.275775 ",42.451184,-83.275775
647,"RecordNo: 647, RC:-2039, Lat:42.451184, Long:-83.275775 ",42.451184,-83.275775
648,"RecordNo: 648, RC:-2039, Lat:42.451184, Long:-83.275775 ",42.451184,-83.275775
649,"RecordNo: 649, RC:-2039, Lat:42.451201, Long:-83.275775 ",42.451201,-83.275775
650,"RecordNo: 650, RC:-2629, Lat:42.451201, Long:-83.275775 ",42.451201,-83.275775
651,"RecordNo: 651, RC:-2629, Lat:42.451201, Long:-83.275775 ",42.451201,-83.275775
652,"RecordNo: 652, RC:-2629, Lat:42.451201, Long:-83.275775 ",42.451201,-83.275775
653,"RecordNo: 653, RC:-2629, Lat:42.451220, Long:-83.275774 ",42.45122,-83.275774
654,"RecordNo: 654, RC:-4434, Lat:42.451220, Long:-83.275774 ",42.45122,-83.275774
655,"RecordNo: 655, RC:-4434, Lat:42.451220, Long:-83.275774 ",42.45122,-83.275774
656,"RecordNo: 656, RC:-4434, Lat:42.451220, Long:-83.275774 ",42.45122,-83.275774
657,"RecordNo: 657, RC:-4434, Lat:42.451235, Long:-83.275774 ",42.451235,-83.275774
658,"RecordNo: 658, RC:-8391, Lat:42.451235, Long:-83.275774 ",42.451235,-83.275774
659,"RecordNo: 659, RC:-8391, Lat:42.451235, Long:-83.275774 ",42.451235,-83.275774
660,"RecordNo: 660, RC:-8391, Lat:42.451256, Long:-83.275773 ",42.451256,-83.275773
661,"RecordNo: 661, RC:32767, Lat:42.451256, Long:-83.275773 ",42.451256,-83.275773
662,"RecordNo: 662, RC:32767, Lat:42.451256, Long:-83.275773 ",42.451256,-83.275773
663,"RecordNo: 663, RC:32767, Lat:42.451256, Long:-83.275773 ",42.451256,-83.275773
664,"RecordNo: 664, RC:32767, Lat:42.451273, Long:-83.275772 ",42.451273,-83.275772
665,"RecordNo: 665, RC:-8693, Lat:42.451273, Long:-83.275772 ",42.451273,-83.275772
666,"RecordNo: 666, RC:-8693, Lat:42.451273, Long:-83.275772 ",42.451273,-83.275772
667,"RecordNo: 667, RC:-8693, Lat:42.451273, Long:-83.275772 ",42.451273,-83.275772
668,"RecordNo: 668, RC:-8693, Lat:42.451290, Long:-83.275772 ",42.45129,-83.275772
669,"RecordNo: 669, RC:8647, Lat:42.451290, Long:-83.275772 ",42.45129,-83.275772
670,"RecordNo: 670, RC:32767, Lat:42.451290, Long:-83.275772 ",42.45129,-83.275772
671,"RecordNo: 671, RC:32767, Lat:42.451290, Long:-83.275772 ",42.45129,-83.275772
672,"RecordNo: 672, RC:32767, Lat:42.451302, Long:-83.275771 ",42.451302,-83.275771
673,"RecordNo: 673, RC:-18353, Lat:42.451302, Long:-83.275771 ",42.451302,-83.275771
674,"RecordNo: 674, RC:-18353, Lat:42.451302, Long:-83.275771 ",42.451302,-83.275771
675,"RecordNo: 675, RC:-18353, Lat:42.451302, Long:-83.275771 ",42.451302,-83.275771
676,"RecordNo: 676, RC:-18353, Lat:42.451314, Long:-83.275770 ",42.451314,-83.27577
677,"RecordNo: 677, RC:8235, Lat:42.451314, Long:-83.275770 ",42.451314,-83.27577
678,"RecordNo: 678, RC:8235, Lat:42.451314, Long:-83.275770 ",42.451314,-83.27577
679,"RecordNo: 679, RC:8235, Lat:42.451314, Long:-83.275770 ",42.451314,-83.27577
680,"RecordNo: 680, RC:8235, Lat:42.451332, Long:-83.275769 ",42.451332,-83.275769
681,"RecordNo: 681, RC:-13986, Lat:42.451332, Long:-83.275769 ",42.451332,-83.275769
682,"RecordNo: 682, RC:-13986, Lat:42.451332, Long:-83.275769 ",42.451332,-83.275769
683,"RecordNo: 683, RC:-13986, Lat:42.451350, Long:-83.275768 ",42.45135,-83.275768
684,"RecordNo: 684, RC:32767, Lat:42.451350, Long:-83.275768 ",42.45135,-83.275768
685,"RecordNo: 685, RC:32767, Lat:42.451350, Long:-83.275768 ",42.45135,-83.275768
686,"RecordNo: 686, RC:32767, Lat:42.451350, Long:-83.275768 ",42.45135,-83.275768
687,"RecordNo: 687, RC:32767, Lat:42.451368, Long:-83.275766 ",42.451368,-83.275766
688,"RecordNo: 688, RC:-32767, Lat:42.451368, Long:-83.275766 ",42.451368,-83.275766
689,"RecordNo: 689, RC:-32767, Lat:42.451368, Long:-83.275766 ",42.451368,-83.275766
690,"RecordNo: 690, RC:-32767, Lat:42.451368, Long:-83.275766 ",42.451368,-83.275766
691,"RecordNo: 691, RC:-32767, Lat:42.451385, Long:-83.275765 ",42.451385,-83.275765
692,"RecordNo: 692, RC:25095, Lat:42.451385, Long:-83.275765 ",42.451385,-83.275765
693,"RecordNo: 693, RC:25095, Lat:42.451385, Long:-83.275765 ",42.451385,-83.275765
694,"RecordNo: 694, RC:25095, Lat:42.451385, Long:-83.275765 ",42.451385,-83.275765
695,"RecordNo: 695, RC:25095, Lat:42.451397, Long:-83.275764 ",42.451397,-83.275764
696,"RecordNo: 696, RC:-8550, Lat:42.451397, Long:-83.275764 ",42.451397,-83.275764
697,"RecordNo: 697, RC:-8550, Lat:42.451397, Long:-83.275764 ",42.451397,-83.275764
698,"RecordNo: 698, RC:-8550, Lat:42.451397, Long:-83.275764 ",42.451397,-83.275764
699,"RecordNo: 699, RC:-8550, Lat:42.451414, Long:-83.275763 ",42.451414,-83.275763
700,"RecordNo: 700, RC:-9563, Lat:42.451414, Long:-83.275763 ",42.451414,-83.275763
701,"RecordNo: 701, RC:-9563, Lat:42.451414, Long:-83.275763 ",42.451414,-83.275763
702,"RecordNo: 702, RC:-9563, Lat:42.451414, Long:-83.275763 ",42.451414,-83.275763
703,"RecordNo: 703, RC:-9563, Lat:42.451426, Long:-83.275762 ",42.451426,-83.275762
704,"RecordNo: 704, RC:-14857, Lat:42.451426, Long:-83.275762 ",42.451426,-83.275762
705,"RecordNo: 705, RC:-14857, Lat:42.451426, Long:-83.275762 ",42.451426,-83.275762
706,"RecordNo: 706, RC:-14857, Lat:42.451443, Long:-83.275761 ",42.451443,-83.275761
707,"RecordNo: 707, RC:-5209, Lat:42.451443, Long:-83.275761 ",42.451443,-83.275761
708,"RecordNo: 708, RC:-5209, Lat:42.451443, Long:-83.275761 ",42.451443,-83.275761
709,"RecordNo: 709, RC:-5209, Lat:42.451443, Long:-83.275761 ",42.451443,-83.275761
710,"RecordNo: 710, RC:-5209, Lat:42.451460, Long:-83.275761 ",42.45146,-83.275761
711,"RecordNo: 711, RC:10, Lat:42.451460, Long:-83.275761 ",42.45146,-83.275761
712,"RecordNo: 712, RC:10, Lat:42.451460, Long:-83.275761 ",42.45146,-83.275761
713,"RecordNo: 713, RC:10, Lat:42.451460, Long:-83.275761 ",42.45146,-83.275761
714,"RecordNo: 714, RC:10, Lat:42.451482, Long:-83.275761 ",42.451482,-83.275761
715,"RecordNo: 715, RC:9, Lat:42.451482, Long:-83.275761 ",42.451482,-83.275761
716,"RecordNo: 716, RC:9, Lat:42.451482, Long:-83.275761 ",42.451482,-83.275761
717,"RecordNo: 717, RC:9, Lat:42.451482, Long:-83.275761 ",42.451482,-83.275761
718,"RecordNo: 718, RC:9, Lat:42.451504, Long:-83.275763 ",42.451504,-83.275763
719,"RecordNo: 719, RC:9, Lat:42.451504, Long:-83.275763 ",42.451504,-83.275763
720,"RecordNo: 720, RC:9, Lat:42.451504, Long:-83.275763 ",42.451504,-83.275763
721,"RecordNo: 721, RC:9, Lat:42.451504, Long:-83.275763 ",42.451504,-83.275763
722,"RecordNo: 722, RC:9, Lat:42.451524, Long:-83.275768 ",42.451524,-83.275768
723,"RecordNo: 723, RC:9, Lat:42.451524, Long:-83.275768 ",42.451524,-83.275768
724,"RecordNo: 724, RC:9, Lat:42.451524, Long:-83.275768 ",42.451524,-83.275768
725,"RecordNo: 725, RC:9, Lat:42.451524, Long:-83.275768 ",42.451524,-83.275768
726,"RecordNo: 726, RC:9, Lat:42.451538, Long:-83.275773 ",42.451538,-83.275773
727,"RecordNo: 727, RC:-495, Lat:42.451538, Long:-83.275773 ",42.451538,-83.275773
728,"RecordNo: 728, RC:-495, Lat:42.451538, Long:-83.275773 ",42.451538,-83.275773
729,"RecordNo: 729, RC:-495, Lat:42.451555, Long:-83.275783 ",42.451555,-83.275783
730,"RecordNo: 730, RC:-186, Lat:42.451555, Long:-83.275783 ",42.451555,-83.275783
731,"RecordNo: 731, RC:-186, Lat:42.451555, Long:-83.275783 ",42.451555,-83.275783
732,"RecordNo: 732, RC:-186, Lat:42.451555, Long:-83.275783 ",42.451555,-83.275783
733,"RecordNo: 733, RC:-186, Lat:42.451567, Long:-83.275794 ",42.451567,-83.275794
734,"RecordNo: 734, RC:-116, Lat:42.451567, Long:-83.275794 ",42.451567,-83.275794
735,"RecordNo: 735, RC:-116, Lat:42.451567, Long:-83.275794 ",42.451567,-83.275794
736,"RecordNo: 736, RC:-116, Lat:42.451567, Long:-83.275794 ",42.451567,-83.275794
737,"RecordNo: 737, RC:-116, Lat:42.451577, Long:-83.275806 ",42.451577,-83.275806
738,"RecordNo: 738, RC:-85, Lat:42.451577, Long:-83.275806 ",42.451577,-83.275806
739,"RecordNo: 739, RC:-85, Lat:42.451577, Long:-83.275806 ",42.451577,-83.275806
740,"RecordNo: 740, RC:-85, Lat:42.451577, Long:-83.275806 ",42.451577,-83.275806
741,"RecordNo: 741, RC:-85, Lat:42.451588, Long:-83.275825 ",42.451588,-83.275825
742,"RecordNo: 742, RC:-277, Lat:42.451588, Long:-83.275825 ",42.451588,-83.275825
743,"RecordNo: 743, RC:-277, Lat:42.451588, Long:-83.275825 ",42.451588,-83.275825
744,"RecordNo: 744, RC:-277, Lat:42.451588, Long:-83.275825 ",42.451588,-83.275825
745,"RecordNo: 745, RC:-277, Lat:42.451594, Long:-83.275841 ",42.451594,-83.275841
746,"RecordNo: 746, RC:-149, Lat:42.451594, Long:-83.275841 ",42.451594,-83.275841
747,"RecordNo: 747, RC:-149, Lat:42.451594, Long:-83.275841 ",42.451594,-83.275841
748,"RecordNo: 748, RC:-149, Lat:42.451594, Long:-83.275841 ",42.451594,-83.275841
749,"RecordNo: 749, RC:-149, Lat:42.451598, Long:-83.275858 ",42.451598,-83.275858
750,"RecordNo: 750, RC:-93, Lat:42.451598, Long:-83.275858 ",42.451598,-83.275858
751,"RecordNo: 751, RC:-93, Lat:42.451598, Long:-83.275858 ",42.451598,-83.275858
752,"RecordNo: 752, RC:-93, Lat:42.451601, Long:-83.275881 ",42.451601,-83.275881
753,"RecordNo: 753, RC:-72, Lat:42.451601, Long:-83.275881 ",42.451601,-83.275881
754,"RecordNo: 754, RC:-72, Lat:42.451601, Long:-83.275881 ",42.451601,-83.275881
755,"RecordNo: 755, RC:-72, Lat:42.451601, Long:-83.275881 ",42.451601,-83.275881
756,"RecordNo: 756, RC:-72, Lat:42.451602, Long:-83.275893 ",42.451602,-83.275893
757,"RecordNo: 757, RC:-67, Lat:42.451602, Long:-83.275893 ",42.451602,-83.275893
758,"RecordNo: 758, RC:-67, Lat:42.451602, Long:-83.275893 ",42.451602,-83.275893
759,"RecordNo: 759, RC:-67, Lat:42.451602, Long:-83.275893 ",42.451602,-83.275893
760,"RecordNo: 760, RC:-67, Lat:42.451602, Long:-83.275904 ",42.451602,-83.275904
761,"RecordNo: 761, RC:-560, Lat:42.451602, Long:-83.275904 ",42.451602,-83.275904
762,"RecordNo: 762, RC:-560, Lat:42.451602, Long:-83.275904 ",42.451602,-83.275904
763,"RecordNo: 763, RC:-560, Lat:42.451602, Long:-83.275904 ",42.451602,-83.275904
764,"RecordNo: 764, RC:-560, Lat:42.451600, Long:-83.275921 ",42.4516,-83.275921
765,"RecordNo: 765, RC:-202, Lat:42.451600, Long:-83.275921 ",42.4516,-83.275921
766,"RecordNo: 766, RC:-202, Lat:42.451600, Long:-83.275921 ",42.4516,-83.275921
767,"RecordNo: 767, RC:-202, Lat:42.451600, Long:-83.275921 ",42.4516,-83.275921
768,"RecordNo: 768, RC:-202, Lat:42.451595, Long:-83.275944 ",42.451595,-83.275944
769,"RecordNo: 769, RC:-120, Lat:42.451595, Long:-83.275944 ",42.451595,-83.275944
770,"RecordNo: 770, RC:-120, Lat:42.451595, Long:-83.275944 ",42.451595,-83.275944
771,"RecordNo: 771, RC:-120, Lat:42.451595, Long:-83.275944 ",42.451595,-83.275944
772,"RecordNo: 772, RC:-120, Lat:42.451589, Long:-83.275959 ",42.451589,-83.275959
773,"RecordNo: 773, RC:-81, Lat:42.451589, Long:-83.275959 ",42.451589,-83.275959
774,"RecordNo: 774, RC:-81, Lat:42.451589, Long:-83.275959 ",42.451589,-83.275959
775,"RecordNo: 775, RC:-81, Lat:42.451582, Long:-83.275973 ",42.451582,-83.275973
776,"RecordNo: 776, RC:-63, Lat:42.451582, Long:-83.275973 ",42.451582,-83.275973
777,"RecordNo: 777, RC:-63, Lat:42.451582, Long:-83.275973 ",42.451582,-83.275973
778,"RecordNo: 778, RC:-63, Lat:42.451582, Long:-83.275973 ",42.451582,-83.275973
779,"RecordNo: 779, RC:-63, Lat:42.451570, Long:-83.275989 ",42.45157,-83.275989
780,"RecordNo: 780, RC:-242, Lat:42.451570, Long:-83.275989 ",42.45157,-83.275989
781,"RecordNo: 781, RC:-242, Lat:42.451570, Long:-83.275989 ",42.45157,-83.275989
782,"RecordNo: 782, RC:-242, Lat:42.451570, Long:-83.275989 ",42.45157,-83.275989
783,"RecordNo: 783, RC:-242, Lat:42.451559, Long:-83.275998 ",42.451559,-83.275998
784,"RecordNo: 784, RC:-115, Lat:42.451559, Long:-83.275998 ",42.451559,-83.275998
785,"RecordNo: 785, RC:-115, Lat:42.451559, Long:-83.275998 ",42.451559,-83.275998
786,"RecordNo: 786, RC:-115, Lat:42.451559, Long:-83.275998 ",42.451559,-83.275998
787,"RecordNo: 787, RC:-115, Lat:42.451552, Long:-83.276003 ",42.451552,-83.276003
788,"RecordNo: 788, RC:-105, Lat:42.451552, Long:-83.276003 ",42.451552,-83.276003
789,"RecordNo: 789, RC:-105, Lat:42.451552, Long:-83.276003 ",42.451552,-83.276003
790,"RecordNo: 790, RC:-105, Lat:42.451552, Long:-83.276003 ",42.451552,-83.276003
791,"RecordNo: 791, RC:-105, Lat:42.451536, Long:-83.276010 ",42.451536,-83.27601
792,"RecordNo: 792, RC:-73, Lat:42.451536, Long:-83.276010 ",42.451536,-83.27601
793,"RecordNo: 793, RC:-73, Lat:42.451536, Long:-83.276010 ",42.451536,-83.27601
794,"RecordNo: 794, RC:-73, Lat:42.451536, Long:-83.276010 ",42.451536,-83.27601
795,"RecordNo: 795, RC:-73, Lat:42.451523, Long:-83.276013 ",42.451523,-83.276013
796,"RecordNo: 796, RC:-65, Lat:42.451523, Long:-83.276013 ",42.451523,-83.276013
797,"RecordNo: 797, RC:-65, Lat:42.451523, Long:-83.276013 ",42.451523,-83.276013
798,"RecordNo: 798, RC:-65, Lat:42.451510, Long:-83.276015 ",42.45151,-83.276015
799,"RecordNo: 799, RC:-708, Lat:42.451510, Long:-83.276015 ",42.45151,-83.276015
800,"RecordNo: 800, RC:-708, Lat:42.451510, Long:-83.276015 ",42.45151,-83.276015
801,"RecordNo: 801, RC:-708, Lat:42.451510, Long:-83.276015 ",42.45151,-83.276015
802,"RecordNo: 802, RC:-708, Lat:42.451493, Long:-83.276016 ",42.451493,-83.276016
803,"RecordNo: 803, RC:-483, Lat:42.451493, Long:-83.276016 ",42.451493,-83.276016
804,"RecordNo: 804, RC:-483, Lat:42.451493, Long:-83.276016 ",42.451493,-83.276016
805,"RecordNo: 805, RC:-483, Lat:42.451493, Long:-83.276016 ",42.451493,-83.276016
806,"RecordNo: 806, RC:-483, Lat:42.451476, Long:-83.276016 ",42.451476,-83.276016
807,"RecordNo: 807, RC:-319, Lat:42.451476, Long:-83.276016 ",42.451476,-83.276016
808,"RecordNo: 808, RC:-319, Lat:42.451476, Long:-83.276016 ",42.451476,-83.276016
809,"RecordNo: 809, RC:-319, Lat:42.451476, Long:-83.276016 ",42.451476,-83.276016
810,"RecordNo: 810, RC:-319, Lat:42.451468, Long:-83.276016 ",42.451468,-83.276016
811,"RecordNo: 811, RC:-379, Lat:42.451468, Long:-83.276016 ",42.451468,-83.276016
812,"RecordNo: 812, RC:-379, Lat:42.451468, Long:-83.276016 ",42.451468,-83.276016
813,"RecordNo: 813, RC:-379, Lat:42.451468, Long:-83.276016 ",42.451468,-83.276016
814,"RecordNo: 814, RC:-379, Lat:42.451458, Long:-83.276016 ",42.451458,-83.276016
815,"RecordNo: 815, RC:-273, Lat:42.451458, Long:-83.276016 ",42.451458,-83.276016
816,"RecordNo: 816, RC:-273, Lat:42.451458, Long:-83.276016 ",42.451458,-83.276016
817,"RecordNo: 817, RC:-273, Lat:42.451458, Long:-83.276016 ",42.451458,-83.276016
818,"RecordNo: 818, RC:-273, Lat:42.451448, Long:-83.276017 ",42.451448,-83.276017
819,"RecordNo: 819, RC:-203, Lat:42.451448, Long:-83.276017 ",42.451448,-83.276017
820,"RecordNo: 820, RC:-203, Lat:42.451448, Long:-83.276017 ",42.451448,-83.276017
821,"RecordNo: 821, RC:-203, Lat:42.451443, Long:-83.276017 ",42.451443,-83.276017
822,"RecordNo: 822, RC:-101, Lat:42.451443, Long:-83.276017 ",42.451443,-83.276017
823,"RecordNo: 823, RC:-101, Lat:42.451443, Long:-83.276017 ",42.451443,-83.276017
824,"RecordNo: 824, RC:-101, Lat:42.451443, Long:-83.276017 ",42.451443,-83.276017
825,"RecordNo: 825, RC:-101, Lat:42.451440, Long:-83.276017 ",42.45144,-83.276017
826,"RecordNo: 826, RC:-44, Lat:42.451440, Long:-83.276017 ",42.45144,-83.276017
827,"RecordNo: 827, RC:-44, Lat:42.451440, Long:-83.276017 ",42.45144,-83.276017
828,"RecordNo: 828, RC:-44, Lat:42.451440, Long:-83.276017 ",42.45144,-83.276017
829,"RecordNo: 829, RC:-44, Lat:42.451439, Long:-83.276017 ",42.451439,-83.276017
830,"RecordNo: 830, RC:-18, Lat:42.451439, Long:-83.276017 ",42.451439,-83.276017
831,"RecordNo: 831, RC:-18, Lat:42.451439, Long:-83.276017 ",42.451439,-83.276017
832,"RecordNo: 832, RC:-18, Lat:42.451439, Long:-83.276017 ",42.451439,-83.276017
833,"RecordNo: 833, RC:-18, Lat:42.451439, Long:-83.276017 ",42.451439,-83.276017
834,"RecordNo: 834, RC:32767, Lat:42.451439, Long:-83.276017 ",42.451439,-83.276017
835,"RecordNo: 835, RC:32767, Lat:42.451439, Long:-83.276017 ",42.451439,-83.276017
836,"RecordNo: 836, RC:32767, Lat:42.451439, Long:-83.276017 ",42.451439,-83.276017
837,"RecordNo: 837, RC:32767, Lat:42.451439, Long:-83.276017 ",42.451439,-83.276017
838,"RecordNo: 838, RC:32767, Lat:42.451439, Long:-83.276017 ",42.451439,-83.276017
839,"RecordNo: 839, RC:32767, Lat:42.451439, Long:-83.276017 ",42.451439,-83.276017
840,"RecordNo: 840, RC:32767, Lat:42.451439, Long:-83.276017 ",42.451439,-83.276017
841,"RecordNo: 841, RC:32767, Lat:42.451439, Long:-83.276017 ",42.451439,-83.276017
842,"RecordNo: 842, RC:32767, Lat:42.451439, Long:-83.276017 ",42.451439,-83.276017
843,"RecordNo: 843, RC:32767, Lat:42.451439, Long:-83.276017 ",42.451439,-83.276017
844,"RecordNo: 844, RC:32767, Lat:42.451439, Long:-83.276017 ",42.451439,-83.276017
845,"RecordNo: 845, RC:32767, Lat:42.451440, Long:-83.276018 ",42.45144,-83.276018
846,"RecordNo: 846, RC:32767, Lat:42.451440, Long:-83.276018 ",42.45144,-83.276018
847,"RecordNo: 847, RC:32767, Lat:42.451440, Long:-83.276018 ",42.45144,-83.276018
848,"RecordNo: 848, RC:32767, Lat:42.451440, Long:-83.276018 ",42.45144,-83.276018
849,"RecordNo: 849, RC:32767, Lat:42.451440, Long:-83.276018 ",42.45144,-83.276018
850,"RecordNo: 850, RC:32767, Lat:42.451440, Long:-83.276018 ",42.45144,-83.276018
851,"RecordNo: 851, RC:32767, Lat:42.451440, Long:-83.276018 ",42.45144,-83.276018
852,"RecordNo: 852, RC:32767, Lat:42.451440, Long:-83.276019 ",42.45144,-83.276019
853,"RecordNo: 853, RC:32767, Lat:42.451440, Long:-83.276019 ",42.45144,-83.276019
854,"RecordNo: 854, RC:32767, Lat:42.451440, Long:-83.276019 ",42.45144,-83.276019
855,"RecordNo: 855, RC:32767, Lat:42.451440, Long:-83.276019 ",42.45144,-83.276019
856,"RecordNo: 856, RC:32767, Lat:42.451440, Long:-83.276019 ",42.45144,-83.276019
857,"RecordNo: 857, RC:32767, Lat:42.451440, Long:-83.276019 ",42.45144,-83.276019
858,"RecordNo: 858, RC:32767, Lat:42.451440, Long:-83.276019 ",42.45144,-83.276019
859,"RecordNo: 859, RC:32767, Lat:42.451440, Long:-83.276019 ",42.45144,-83.276019
860,"RecordNo: 860, RC:32767, Lat:42.451441, Long:-83.276020 ",42.451441,-83.27602
861,"RecordNo: 861, RC:32767, Lat:42.451441, Long:-83.276020 ",42.451441,-83.27602
862,"RecordNo: 862, RC:32767, Lat:42.451441, Long:-83.276020 ",42.451441,-83.27602
863,"RecordNo: 863, RC:32767, Lat:42.451441, Long:-83.276020 ",42.451441,-83.27602
864,"RecordNo: 864, RC:32767, Lat:42.451441, Long:-83.276020 ",42.451441,-83.27602
865,"RecordNo: 865, RC:32767, Lat:42.451441, Long:-83.276020 ",42.451441,-83.27602
866,"RecordNo: 866, RC:32767, Lat:42.451441, Long:-83.276020 ",42.451441,-83.27602
867,"RecordNo: 867, RC:32767, Lat:42.451441, Long:-83.276020 ",42.451441,-83.27602
868,"RecordNo: 868, RC:32767, Lat:42.451441, Long:-83.276020 ",42.451441,-83.27602
869,"RecordNo: 869, RC:32767, Lat:42.451441, Long:-83.276020 ",42.451441,-83.27602
870,"RecordNo: 870, RC:32767, Lat:42.451441, Long:-83.276020 ",42.451441,-83.27602
871,"RecordNo: 871, RC:32767, Lat:42.451441, Long:-83.276021 ",42.451441,-83.276021
872,"RecordNo: 872, RC:32767, Lat:42.451441, Long:-83.276021 ",42.451441,-83.276021
873,"RecordNo: 873, RC:32767, Lat:42.451441, Long:-83.276021 ",42.451441,-83.276021
874,"RecordNo: 874, RC:32767, Lat:42.451441, Long:-83.276021 ",42.451441,-83.276021
875,"RecordNo: 875, RC:32767, Lat:42.451441, Long:-83.276021 ",42.451441,-83.276021
876,"RecordNo: 876, RC:32767, Lat:42.451441, Long:-83.276021 ",42.451441,-83.276021
877,"RecordNo: 877, RC:32767, Lat:42.451441, Long:-83.276021 ",42.451441,-83.276021
878,"RecordNo: 878, RC:32767, Lat:42.451441, Long:-83.276021 ",42.451441,-83.276021
879,"RecordNo: 879, RC:32767, Lat:42.451442, Long:-83.276021 ",42.451442,-83.276021
880,"RecordNo: 880, RC:32767, Lat:42.451442, Long:-83.276021 ",42.451442,-83.276021
881,"RecordNo: 881, RC:32767, Lat:42.451442, Long:-83.276021 ",42.451442,-83.276021
882,"RecordNo: 882, RC:32767, Lat:42.451442, Long:-83.276021 ",42.451442,-83.276021
883,"RecordNo: 883, RC:32767, Lat:42.451442, Long:-83.276022 ",42.451442,-83.276022
884,"RecordNo: 884, RC:32767, Lat:42.451442, Long:-83.276022 ",42.451442,-83.276022
885,"RecordNo: 885, RC:32767, Lat:42.451442, Long:-83.276022 ",42.451442,-83.276022
886,"RecordNo: 886, RC:32767, Lat:42.451442, Long:-83.276022 ",42.451442,-83.276022
887,"RecordNo: 887, RC:32767, Lat:42.451442, Long:-83.276022 ",42.451442,-83.276022
888,"RecordNo: 888, RC:32767, Lat:42.451442, Long:-83.276022 ",42.451442,-83.276022
889,"RecordNo: 889, RC:32767, Lat:42.451442, Long:-83.276022 ",42.451442,-83.276022
890,"RecordNo: 890, RC:32767, Lat:42.451442, Long:-83.276022 ",42.451442,-83.276022
891,"RecordNo: 891, RC:32767, Lat:42.451442, Long:-83.276022 ",42.451442,-83.276022
892,"RecordNo: 892, RC:32767, Lat:42.451442, Long:-83.276022 ",42.451442,-83.276022
893,"RecordNo: 893, RC:32767, Lat:42.451442, Long:-83.276022 ",42.451442,-83.276022
894,"RecordNo: 894, RC:32767, Lat:42.451442, Long:-83.276022 ",42.451442,-83.276022
895,"RecordNo: 895, RC:32767, Lat:42.451442, Long:-83.276022 ",42.451442,-83.276022
896,"RecordNo: 896, RC:32767, Lat:42.451442, Long:-83.276022 ",42.451442,-83.276022
897,"RecordNo: 897, RC:32767, Lat:42.451442, Long:-83.276022 ",42.451442,-83.276022
898,"RecordNo: 898, RC:32767, Lat:42.451442, Long:-83.276022 ",42.451442,-83.276022
899,"RecordNo: 899, RC:32767, Lat:42.451442, Long:-83.276022 ",42.451442,-83.276022
900,"RecordNo: 900, RC:32767, Lat:42.451442, Long:-83.276022 ",42.451442,-83.276022
901,"RecordNo: 901, RC:32767, Lat:42.451442, Long:-83.276022 ",42.451442,-83.276022
902,"RecordNo: 902, RC:32767, Lat:42.451443, Long:-83.276023 ",42.451443,-83.276023
903,"RecordNo: 903, RC:32767, Lat:42.451443, Long:-83.276023 ",42.451443,-83.276023
904,"RecordNo: 904, RC:32767, Lat:42.451443, Long:-83.276023 ",42.451443,-83.276023
905,"RecordNo: 905, RC:32767, Lat:42.451443, Long:-83.276023 ",42.451443,-83.276023
906,"RecordNo: 906, RC:32767, Lat:42.451443, Long:-83.276023 ",42.451443,-83.276023
907,"RecordNo: 907, RC:32767, Lat:42.451443, Long:-83.276023 ",42.451443,-83.276023
908,"RecordNo: 908, RC:32767, Lat:42.451443, Long:-83.276023 ",42.451443,-83.276023
909,"RecordNo: 909, RC:32767, Lat:42.451443, Long:-83.276023 ",42.451443,-83.276023
910,"RecordNo: 910, RC:32767, Lat:42.451443, Long:-83.276023 ",42.451443,-83.276023
911,"RecordNo: 911, RC:32767, Lat:42.451443, Long:-83.276023 ",42.451443,-83.276023
912,"RecordNo: 912, RC:32767, Lat:42.451443, Long:-83.276023 ",42.451443,-83.276023
913,"RecordNo: 913, RC:32767, Lat:42.451443, Long:-83.276023 ",42.451443,-83.276023
914,"RecordNo: 914, RC:32767, Lat:42.451443, Long:-83.276023 ",42.451443,-83.276023
915,"RecordNo: 915, RC:32767, Lat:42.451443, Long:-83.276023 ",42.451443,-83.276023
916,"RecordNo: 916, RC:32767, Lat:42.451444, Long:-83.276023 ",42.451444,-83.276023
917,"RecordNo: 917, RC:32767, Lat:42.451444, Long:-83.276023 ",42.451444,-83.276023
918,"RecordNo: 918, RC:32767, Lat:42.451444, Long:-83.276023 ",42.451444,-83.276023
919,"RecordNo: 919, RC:32767, Lat:42.451444, Long:-83.276023 ",42.451444,-83.276023
920,"RecordNo: 920, RC:32767, Lat:42.451444, Long:-83.276023 ",42.451444,-83.276023
921,"RecordNo: 921, RC:32767, Lat:42.451444, Long:-83.276023 ",42.451444,-83.276023
922,"RecordNo: 922, RC:32767, Lat:42.451444, Long:-83.276023 ",42.451444,-83.276023
923,"RecordNo: 923, RC:32767, Lat:42.451444, Long:-83.276023 ",42.451444,-83.276023
924,"RecordNo: 924, RC:32767, Lat:42.451444, Long:-83.276024 ",42.451444,-83.276024
925,"RecordNo: 925, RC:32767, Lat:42.451444, Long:-83.276024 ",42.451444,-83.276024
926,"RecordNo: 926, RC:32767, Lat:42.451444, Long:-83.276024 ",42.451444,-83.276024
927,"RecordNo: 927, RC:32767, Lat:42.451444, Long:-83.276024 ",42.451444,-83.276024
928,"RecordNo: 928, RC:32767, Lat:42.451444, Long:-83.276024 ",42.451444,-83.276024
929,"RecordNo: 929, RC:32767, Lat:42.451444, Long:-83.276024 ",42.451444,-83.276024
930,"RecordNo: 930, RC:32767, Lat:42.451444, Long:-83.276024 ",42.451444,-83.276024
931,"RecordNo: 931, RC:32767, Lat:42.451444, Long:-83.276024 ",42.451444,-83.276024
932,"RecordNo: 932, RC:32767, Lat:42.451445, Long:-83.276024 ",42.451445,-83.276024
933,"RecordNo: 933, RC:32767, Lat:42.451445, Long:-83.276024 ",42.451445,-83.276024
934,"RecordNo: 934, RC:32767, Lat:42.451445, Long:-83.276024 ",42.451445,-83.276024
935,"RecordNo: 935, RC:32767, Lat:42.451445, Long:-83.276024 ",42.451445,-83.276024
936,"RecordNo: 936, RC:32767, Lat:42.451445, Long:-83.276024 ",42.451445,-83.276024
937,"RecordNo: 937, RC:32767, Lat:42.451445, Long:-83.276024 ",42.451445,-83.276024
938,"RecordNo: 938, RC:32767, Lat:42.451445, Long:-83.276024 ",42.451445,-83.276024
939,"RecordNo: 939, RC:32767, Lat:42.451445, Long:-83.276024 ",42.451445,-83.276024
940,"RecordNo: 940, RC:32767, Lat:42.451445, Long:-83.276024 ",42.451445,-83.276024
941,"RecordNo: 941, RC:32767, Lat:42.451445, Long:-83.276024 ",42.451445,-83.276024
942,"RecordNo: 942, RC:32767, Lat:42.451445, Long:-83.276024 ",42.451445,-83.276024
943,"RecordNo: 943, RC:32767, Lat:42.451445, Long:-83.276024 ",42.451445,-83.276024
944,"RecordNo: 944, RC:32767, Lat:42.451445, Long:-83.276024 ",42.451445,-83.276024
945,"RecordNo: 945, RC:32767, Lat:42.451445, Long:-83.276024 ",42.451445,-83.276024
946,"RecordNo: 946, RC:32767, Lat:42.451445, Long:-83.276024 ",42.451445,-83.276024
947,"RecordNo: 947, RC:32767, Lat:42.451446, Long:-83.276024 ",42.451446,-83.276024
948,"RecordNo: 948, RC:32767, Lat:42.451446, Long:-83.276024 ",42.451446,-83.276024
949,"RecordNo: 949, RC:32767, Lat:42.451446, Long:-83.276024 ",42.451446,-83.276024
950,"RecordNo: 950, RC:32767, Lat:42.451446, Long:-83.276024 ",42.451446,-83.276024
951,"RecordNo: 951, RC:32767, Lat:42.451446, Long:-83.276024 ",42.451446,-83.276024
952,"RecordNo: 952, RC:32767, Lat:42.451446, Long:-83.276024 ",42.451446,-83.276024
953,"RecordNo: 953, RC:32767, Lat:42.451446, Long:-83.276024 ",42.451446,-83.276024
954,"RecordNo: 954, RC:32767, Lat:42.451446, Long:-83.276024 ",42.451446,-83.276024
955,"RecordNo: 955, RC:32767, Lat:42.451446, Long:-83.276023 ",42.451446,-83.276023
956,"RecordNo: 956, RC:32767, Lat:42.451446, Long:-83.276023 ",42.451446,-83.276023
957,"RecordNo: 957, RC:32767, Lat:42.451446, Long:-83.276023 ",42.451446,-83.276023
958,"RecordNo: 958, RC:32767, Lat:42.451446, Long:-83.276023 ",42.451446,-83.276023
959,"RecordNo: 959, RC:32767, Lat:42.451446, Long:-83.276023 ",42.451446,-83.276023
960,"RecordNo: 960, RC:32767, Lat:42.451446, Long:-83.276023 ",42.451446,-83.276023
961,"RecordNo: 961, RC:32767, Lat:42.451446, Long:-83.276023 ",42.451446,-83.276023
962,"RecordNo: 962, RC:32767, Lat:42.451446, Long:-83.276024 ",42.451446,-83.276024
963,"RecordNo: 963, RC:32767, Lat:42.451446, Long:-83.276024 ",42.451446,-83.276024
964,"RecordNo: 964, RC:32767, Lat:42.451446, Long:-83.276024 ",42.451446,-83.276024
965,"RecordNo: 965, RC:32767, Lat:42.451446, Long:-83.276024 ",42.451446,-83.276024
966,"RecordNo: 966, RC:32767, Lat:42.451446, Long:-83.276023 ",42.451446,-83.276023
967,"RecordNo: 967, RC:32767, Lat:42.451446, Long:-83.276023 ",42.451446,-83.276023
968,"RecordNo: 968, RC:32767, Lat:42.451446, Long:-83.276023 ",42.451446,-83.276023
969,"RecordNo: 969, RC:32767, Lat:42.451446, Long:-83.276023 ",42.451446,-83.276023
970,"RecordNo: 970, RC:32767, Lat:42.451447, Long:-83.276024 ",42.451447,-83.276024
971,"RecordNo: 971, RC:32767, Lat:42.451447, Long:-83.276024 ",42.451447,-83.276024
972,"RecordNo: 972, RC:32767, Lat:42.451447, Long:-83.276024 ",42.451447,-83.276024
973,"RecordNo: 973, RC:32767, Lat:42.451447, Long:-83.276024 ",42.451447,-83.276024
974,"RecordNo: 974, RC:32767, Lat:42.451447, Long:-83.276024 ",42.451447,-83.276024
975,"RecordNo: 975, RC:32767, Lat:42.451447, Long:-83.276024 ",42.451447,-83.276024
976,"RecordNo: 976, RC:32767, Lat:42.451447, Long:-83.276024 ",42.451447,-83.276024
977,"RecordNo: 977, RC:32767, Lat:42.451447, Long:-83.276024 ",42.451447,-83.276024
978,"RecordNo: 978, RC:32767, Lat:42.451447, Long:-83.276024 ",42.451447,-83.276024
979,"RecordNo: 979, RC:32767, Lat:42.451447, Long:-83.276024 ",42.451447,-83.276024
980,"RecordNo: 980, RC:32767, Lat:42.451447, Long:-83.276024 ",42.451447,-83.276024
981,"RecordNo: 981, RC:32767, Lat:42.451447, Long:-83.276024 ",42.451447,-83.276024
982,"RecordNo: 982, RC:32767, Lat:42.451447, Long:-83.276024 ",42.451447,-83.276024
983,"RecordNo: 983, RC:32767, Lat:42.451447, Long:-83.276024 ",42.451447,-83.276024
984,"RecordNo: 984, RC:32767, Lat:42.451447, Long:-83.276024 ",42.451447,-83.276024
985,"RecordNo: 985, RC:32767, Lat:42.451447, Long:-83.276024 ",42.451447,-83.276024
986,"RecordNo: 986, RC:32767, Lat:42.451447, Long:-83.276024 ",42.451447,-83.276024
987,"RecordNo: 987, RC:32767, Lat:42.451447, Long:-83.276024 ",42.451447,-83.276024
988,"RecordNo: 988, RC:32767, Lat:42.451447, Long:-83.276024 ",42.451447,-83.276024
989,"RecordNo: 989, RC:32767, Lat:42.451447, Long:-83.276024 ",42.451447,-83.276024
990,"RecordNo: 990, RC:32767, Lat:42.451447, Long:-83.276024 ",42.451447,-83.276024
991,"RecordNo: 991, RC:32767, Lat:42.451447, Long:-83.276024 ",42.451447,-83.276024
992,"RecordNo: 992, RC:32767, Lat:42.451447, Long:-83.276024 ",42.451447,-83.276024
993,"RecordNo: 993, RC:32767, Lat:42.451447, Long:-83.276024 ",42.451447,-83.276024
994,"RecordNo: 994, RC:32767, Lat:42.451447, Long:-83.276024 ",42.451447,-83.276024
995,"RecordNo: 995, RC:32767, Lat:42.451447, Long:-83.276024 ",42.451447,-83.276024
996,"RecordNo: 996, RC:32767, Lat:42.451447, Long:-83.276024 ",42.451447,-83.276024
997,"RecordNo: 997, RC:32767, Lat:42.451447, Long:-83.276024 ",42.451447,-83.276024
998,"RecordNo: 998, RC:32767, Lat:42.451447, Long:-83.276024 ",42.451447,-83.276024
999,"RecordNo: 999, RC:32767, Lat:42.451447, Long:-83.276024 ",42.451447,-83.276024
1000,"RecordNo: 1000, RC:32767, Lat:42.451447, Long:-83.276024 ",42.451447,-83.276024
1001,"RecordNo: 1001, RC:32767, Lat:42.451447, Long:-83.276025 ",42.451447,-83.276025
1002,"RecordNo: 1002, RC:32767, Lat:42.451447, Long:-83.276025 ",42.451447,-83.276025
1003,"RecordNo: 1003, RC:32767, Lat:42.451447, Long:-83.276025 ",42.451447,-83.276025
1004,"RecordNo: 1004, RC:32767, Lat:42.451447, Long:-83.276025 ",42.451447,-83.276025
1005,"RecordNo: 1005, RC:32767, Lat:42.451447, Long:-83.276025 ",42.451447,-83.276025
1006,"RecordNo: 1006, RC:32767, Lat:42.451447, Long:-83.276025 ",42.451447,-83.276025
1007,"RecordNo: 1007, RC:32767, Lat:42.451447, Long:-83.276025 ",42.451447,-83.276025
1008,"RecordNo: 1008, RC:32767, Lat:42.451447, Long:-83.276025 ",42.451447,-83.276025
1009,"RecordNo: 1009, RC:32767, Lat:42.451447, Long:-83.276025 ",42.451447,-83.276025
1010,"RecordNo: 1010, RC:32767, Lat:42.451447, Long:-83.276025 ",42.451447,-83.276025
1011,"RecordNo: 1011, RC:32767, Lat:42.451447, Long:-83.276025 ",42.451447,-83.276025
1012,"RecordNo: 1012, RC:32767, Lat:42.451447, Long:-83.276025 ",42.451447,-83.276025
1013,"RecordNo: 1013, RC:32767, Lat:42.451447, Long:-83.276025 ",42.451447,-83.276025
1014,"RecordNo: 1014, RC:32767, Lat:42.451447, Long:-83.276025 ",42.451447,-83.276025
1015,"RecordNo: 1015, RC:32767, Lat:42.451447, Long:-83.276025 ",42.451447,-83.276025
1016,"RecordNo: 1016, RC:32767, Lat:42.451447, Long:-83.276026 ",42.451447,-83.276026
1017,"RecordNo: 1017, RC:32767, Lat:42.451447, Long:-83.276026 ",42.451447,-83.276026
1018,"RecordNo: 1018, RC:32767, Lat:42.451447, Long:-83.276026 ",42.451447,-83.276026
1019,"RecordNo: 1019, RC:32767, Lat:42.451447, Long:-83.276026 ",42.451447,-83.276026
1020,"RecordNo: 1020, RC:32767, Lat:42.451447, Long:-83.276026 ",42.451447,-83.276026
1021,"RecordNo: 1021, RC:32767, Lat:42.451447, Long:-83.276026 ",42.451447,-83.276026
1022,"RecordNo: 1022, RC:32767, Lat:42.451447, Long:-83.276026 ",42.451447,-83.276026
1023,"RecordNo: 1023, RC:32767, Lat:42.451447, Long:-83.276026 ",42.451447,-83.276026
1024,"RecordNo: 1024, RC:32767, Lat:42.451447, Long:-83.276026 ",42.451447,-83.276026
1025,"RecordNo: 1025, RC:32767, Lat:42.451447, Long:-83.276026 ",42.451447,-83.276026
1026,"RecordNo: 1026, RC:32767, Lat:42.451447, Long:-83.276026 ",42.451447,-83.276026
1027,"RecordNo: 1027, RC:32767, Lat:42.451447, Long:-83.276026 ",42.451447,-83.276026
1028,"RecordNo: 1028, RC:32767, Lat:42.451447, Long:-83.276026 ",42.451447,-83.276026
1029,"RecordNo: 1029, RC:32767, Lat:42.451447, Long:-83.276026 ",42.451447,-83.276026
1030,"RecordNo: 1030, RC:32767, Lat:42.451447, Long:-83.276026 ",42.451447,-83.276026
1031,"RecordNo: 1031, RC:32767, Lat:42.451446, Long:-83.276026 ",42.451446,-83.276026
1032,"RecordNo: 1032, RC:32767, Lat:42.451446, Long:-83.276026 ",42.451446,-83.276026
1033,"RecordNo: 1033, RC:32767, Lat:42.451446, Long:-83.276026 ",42.451446,-83.276026
1034,"RecordNo: 1034, RC:32767, Lat:42.451446, Long:-83.276026 ",42.451446,-83.276026
1035,"RecordNo: 1035, RC:32767, Lat:42.451446, Long:-83.276027 ",42.451446,-83.276027
1036,"RecordNo: 1036, RC:32767, Lat:42.451446, Long:-83.276027 ",42.451446,-83.276027
1037,"RecordNo: 1037, RC:32767, Lat:42.451446, Long:-83.276027 ",42.451446,-83.276027
1038,"RecordNo: 1038, RC:32767, Lat:42.451446, Long:-83.276027 ",42.451446,-83.276027
1039,"RecordNo: 1039, RC:32767, Lat:42.451446, Long:-83.276027 ",42.451446,-83.276027
1040,"RecordNo: 1040, RC:32767, Lat:42.451446, Long:-83.276027 ",42.451446,-83.276027
1041,"RecordNo: 1041, RC:32767, Lat:42.451446, Long:-83.276027 ",42.451446,-83.276027
1042,"RecordNo: 1042, RC:32767, Lat:42.451446, Long:-83.276027 ",42.451446,-83.276027
1043,"RecordNo: 1043, RC:32767, Lat:42.451446, Long:-83.276027 ",42.451446,-83.276027
1044,"RecordNo: 1044, RC:32767, Lat:42.451446, Long:-83.276027 ",42.451446,-83.276027
1045,"RecordNo: 1045, RC:32767, Lat:42.451446, Long:-83.276027 ",42.451446,-83.276027
1046,"RecordNo: 1046, RC:32767, Lat:42.451446, Long:-83.276027 ",42.451446,-83.276027
1047,"RecordNo: 1047, RC:32767, Lat:42.451446, Long:-83.276027 ",42.451446,-83.276027
1048,"RecordNo: 1048, RC:32767, Lat:42.451446, Long:-83.276027 ",42.451446,-83.276027
1049,"RecordNo: 1049, RC:32767, Lat:42.451446, Long:-83.276027 ",42.451446,-83.276027
1050,"RecordNo: 1050, RC:32767, Lat:42.451446, Long:-83.276027 ",42.451446,-83.276027
1051,"RecordNo: 1051, RC:32767, Lat:42.451446, Long:-83.276027 ",42.451446,-83.276027
1052,"RecordNo: 1052, RC:32767, Lat:42.451446, Long:-83.276027 ",42.451446,-83.276027
1053,"RecordNo: 1053, RC:32767, Lat:42.451446, Long:-83.276027 ",42.451446,-83.276027
1054,"RecordNo: 1054, RC:32767, Lat:42.451446, Long:-83.276028 ",42.451446,-83.276028
1055,"RecordNo: 1055, RC:32767, Lat:42.451446, Long:-83.276028 ",42.451446,-83.276028
1056,"RecordNo: 1056, RC:32767, Lat:42.451446, Long:-83.276028 ",42.451446,-83.276028
1057,"RecordNo: 1057, RC:32767, Lat:42.451446, Long:-83.276028 ",42.451446,-83.276028
1058,"RecordNo: 1058, RC:32767, Lat:42.451446, Long:-83.276028 ",42.451446,-83.276028
1059,"RecordNo: 1059, RC:32767, Lat:42.451446, Long:-83.276028 ",42.451446,-83.276028
1060,"RecordNo: 1060, RC:32767, Lat:42.451446, Long:-83.276028 ",42.451446,-83.276028
1061,"RecordNo: 1061, RC:32767, Lat:42.451446, Long:-83.276028 ",42.451446,-83.276028
1062,"RecordNo: 1062, RC:32767, Lat:42.451446, Long:-83.276028 ",42.451446,-83.276028
1063,"RecordNo: 1063, RC:32767, Lat:42.451446, Long:-83.276028 ",42.451446,-83.276028
1064,"RecordNo: 1064, RC:32767, Lat:42.451446, Long:-83.276028 ",42.451446,-83.276028
1065,"RecordNo: 1065, RC:32767, Lat:42.451446, Long:-83.276028 ",42.451446,-83.276028
1066,"RecordNo: 1066, RC:32767, Lat:42.451446, Long:-83.276028 ",42.451446,-83.276028
1067,"RecordNo: 1067, RC:32767, Lat:42.451446, Long:-83.276028 ",42.451446,-83.276028
1068,"RecordNo: 1068, RC:32767, Lat:42.451446, Long:-83.276028 ",42.451446,-83.276028
1069,"RecordNo: 1069, RC:32767, Lat:42.451446, Long:-83.276028 ",42.451446,-83.276028
1070,"RecordNo: 1070, RC:32767, Lat:42.451446, Long:-83.276028 ",42.451446,-83.276028
1071,"RecordNo: 1071, RC:32767, Lat:42.451446, Long:-83.276028 ",42.451446,-83.276028
1072,"RecordNo: 1072, RC:32767, Lat:42.451446, Long:-83.276028 ",42.451446,-83.276028
1073,"RecordNo: 1073, RC:32767, Lat:42.451446, Long:-83.276028 ",42.451446,-83.276028
1074,"RecordNo: 1074, RC:32767, Lat:42.451446, Long:-83.276028 ",42.451446,-83.276028
1075,"RecordNo: 1075, RC:32767, Lat:42.451446, Long:-83.276028 ",42.451446,-83.276028
1076,"RecordNo: 1076, RC:32767, Lat:42.451446, Long:-83.276028 ",42.451446,-83.276028
1077,"RecordNo: 1077, RC:32767, Lat:42.451446, Long:-83.276029 ",42.451446,-83.276029
1078,"RecordNo: 1078, RC:32767, Lat:42.451446, Long:-83.276029 ",42.451446,-83.276029
1079,"RecordNo: 1079, RC:32767, Lat:42.451446, Long:-83.276029 ",42.451446,-83.276029
1080,"RecordNo: 1080, RC:32767, Lat:42.451446, Long:-83.276029 ",42.451446,-83.276029
1081,"RecordNo: 1081, RC:32767, Lat:42.451446, Long:-83.276029 ",42.451446,-83.276029
1082,"RecordNo: 1082, RC:32767, Lat:42.451446, Long:-83.276029 ",42.451446,-83.276029
1083,"RecordNo: 1083, RC:32767, Lat:42.451446, Long:-83.276029 ",42.451446,-83.276029
1084,"RecordNo: 1084, RC:32767, Lat:42.451446, Long:-83.276029 ",42.451446,-83.276029
1085,"RecordNo: 1085, RC:32767, Lat:42.451446, Long:-83.276029 ",42.451446,-83.276029
1086,"RecordNo: 1086, RC:32767, Lat:42.451446, Long:-83.276029 ",42.451446,-83.276029
1087,"RecordNo: 1087, RC:32767, Lat:42.451446, Long:-83.276029 ",42.451446,-83.276029
1088,"RecordNo: 1088, RC:32767, Lat:42.451446, Long:-83.276029 ",42.451446,-83.276029
1089,"RecordNo: 1089, RC:32767, Lat:42.451446, Long:-83.276029 ",42.451446,-83.276029
1090,"RecordNo: 1090, RC:32767, Lat:42.451446, Long:-83.276029 ",42.451446,-83.276029
1091,"RecordNo: 1091, RC:32767, Lat:42.451446, Long:-83.276029 ",42.451446,-83.276029
1092,"RecordNo: 1092, RC:32767, Lat:42.451446, Long:-83.276029 ",42.451446,-83.276029
1093,"RecordNo: 1093, RC:32767, Lat:42.451446, Long:-83.276029 ",42.451446,-83.276029
1094,"RecordNo: 1094, RC:32767, Lat:42.451446, Long:-83.276029 ",42.451446,-83.276029
1095,"RecordNo: 1095, RC:32767, Lat:42.451446, Long:-83.276029 ",42.451446,-83.276029
1096,"RecordNo: 1096, RC:32767, Lat:42.451446, Long:-83.276029 ",42.451446,-83.276029
1097,"RecordNo: 1097, RC:32767, Lat:42.451446, Long:-83.276030 ",42.451446,-83.27603
1098,"RecordNo: 1098, RC:32767, Lat:42.451446, Long:-83.276030 ",42.451446,-83.27603
1099,"RecordNo: 1099, RC:32767, Lat:42.451446, Long:-83.276030 ",42.451446,-83.27603
1100,"RecordNo: 1100, RC:32767, Lat:42.451446, Long:-83.276030 ",42.451446,-83.27603
1101,"RecordNo: 1101, RC:32767, Lat:42.451446, Long:-83.276030 ",42.451446,-83.27603
1102,"RecordNo: 1102, RC:32767, Lat:42.451446, Long:-83.276030 ",42.451446,-83.27603
1103,"RecordNo: 1103, RC:32767, Lat:42.451446, Long:-83.276030 ",42.451446,-83.27603
1104,"RecordNo: 1104, RC:32767, Lat:42.451446, Long:-83.276030 ",42.451446,-83.27603
1105,"RecordNo: 1105, RC:32767, Lat:42.451446, Long:-83.276030 ",42.451446,-83.27603
1106,"RecordNo: 1106, RC:32767, Lat:42.451446, Long:-83.276030 ",42.451446,-83.27603
1107,"RecordNo: 1107, RC:32767, Lat:42.451446, Long:-83.276030 ",42.451446,-83.27603
1108,"RecordNo: 1108, RC:32767, Lat:42.451446, Long:-83.276030 ",42.451446,-83.27603
1109,"RecordNo: 1109, RC:32767, Lat:42.451446, Long:-83.276030 ",42.451446,-83.27603
1110,"RecordNo: 1110, RC:32767, Lat:42.451446, Long:-83.276030 ",42.451446,-83.27603
1111,"RecordNo: 1111, RC:32767, Lat:42.451446, Long:-83.276030 ",42.451446,-83.27603
1112,"RecordNo: 1112, RC:32767, Lat:42.451447, Long:-83.276030 ",42.451447,-83.27603
1113,"RecordNo: 1113, RC:32767, Lat:42.451447, Long:-83.276030 ",42.451447,-83.27603
1114,"RecordNo: 1114, RC:32767, Lat:42.451447, Long:-83.276030 ",42.451447,-83.27603
1115,"RecordNo: 1115, RC:32767, Lat:42.451447, Long:-83.276030 ",42.451447,-83.27603
1116,"RecordNo: 1116, RC:32767, Lat:42.451447, Long:-83.276030 ",42.451447,-83.27603
1117,"RecordNo: 1117, RC:32767, Lat:42.451447, Long:-83.276030 ",42.451447,-83.27603
1118,"RecordNo: 1118, RC:32767, Lat:42.451447, Long:-83.276030 ",42.451447,-83.27603
1119,"RecordNo: 1119, RC:32767, Lat:42.451447, Long:-83.276030 ",42.451447,-83.27603
1120,"RecordNo: 1120, RC:32767, Lat:42.451447, Long:-83.276030 ",42.451447,-83.27603
1121,"RecordNo: 1121, RC:32767, Lat:42.451447, Long:-83.276030 ",42.451447,-83.27603
1122,"RecordNo: 1122, RC:32767, Lat:42.451447, Long:-83.276030 ",42.451447,-83.27603
1123,"RecordNo: 1123, RC:32767, Lat:42.451447, Long:-83.276031 ",42.451447,-83.276031
1124,"RecordNo: 1124, RC:32767, Lat:42.451447, Long:-83.276031 ",42.451447,-83.276031
1125,"RecordNo: 1125, RC:32767, Lat:42.451447, Long:-83.276031 ",42.451447,-83.276031
1126,"RecordNo: 1126, RC:32767, Lat:42.451447, Long:-83.276031 ",42.451447,-83.276031
1127,"RecordNo: 1127, RC:32767, Lat:42.451447, Long:-83.276031 ",42.451447,-83.276031
1128,"RecordNo: 1128, RC:32767, Lat:42.451447, Long:-83.276031 ",42.451447,-83.276031
1129,"RecordNo: 1129, RC:32767, Lat:42.451447, Long:-83.276031 ",42.451447,-83.276031
1130,"RecordNo: 1130, RC:32767, Lat:42.451447, Long:-83.276031 ",42.451447,-83.276031
1131,"RecordNo: 1131, RC:32767, Lat:42.451447, Long:-83.276031 ",42.451447,-83.276031
1132,"RecordNo: 1132, RC:32767, Lat:42.451447, Long:-83.276031 ",42.451447,-83.276031
1133,"RecordNo: 1133, RC:32767, Lat:42.451447, Long:-83.276031 ",42.451447,-83.276031
1134,"RecordNo: 1134, RC:32767, Lat:42.451447, Long:-83.276031 ",42.451447,-83.276031
1135,"RecordNo: 1135, RC:32767, Lat:42.451447, Long:-83.276031 ",42.451447,-83.276031
1136,"RecordNo: 1136, RC:32767, Lat:42.451447, Long:-83.276031 ",42.451447,-83.276031
1137,"RecordNo: 1137, RC:32767, Lat:42.451447, Long:-83.276031 ",42.451447,-83.276031
1138,"RecordNo: 1138, RC:32767, Lat:42.451447, Long:-83.276031 ",42.451447,-83.276031
1139,"RecordNo: 1139, RC:32767, Lat:42.451447, Long:-83.276031 ",42.451447,-83.276031
1140,"RecordNo: 1140, RC:32767, Lat:42.451447, Long:-83.276031 ",42.451447,-83.276031
1141,"RecordNo: 1141, RC:32767, Lat:42.451447, Long:-83.276031 ",42.451447,-83.276031
